-1765947,ruins_ramp_set_short
-1954837,drill_grind_2
-2261437,monitors
-2874203,top_piece
-5024577,skyscrapers_05_6
-9117740,solar_power_park_pedestal
-9657093,concreteblock_pillar_med
-9967108,radiation_glow_set
-15253048,plantingset_1_bush
-18727010,skyscrapers_04
-18819537,fat_grizzly_tire_rear_1
-23971219,i_beam_set_large_conncetor_plate
-26508415,gas_pipeline_straight
-26986158,soundsource
-27782272,security_gate
-28386602,scafold_dirty_coupler_a
-29826807,cloud_rolling_1
-30076951,gondola_cabin_door_left
-30091733,kingcobra_head_light_1
-31080591,landmark_monument_parks_walkways
-34052546,resort_hut_set_solar_panel1
-34227879,cubes_3
-38845811,wood_shatter_1
-40391115,snowfall_2
-41115427,hightech_props_04_bottom
-41931042,cave_elements_set
-46272850,news_papers_2
-46343788,gas_refinery_03
-47320124,cheetah_rim_front_1
-50039152,fat_grizzly_chassis_1
-50706484,camera
-51377988,plasmashot_1
-52018986,pyroshow_fireshooter_2
-56849071,futuristic_research_center_part_3
-58399939,iceberg_set_a_03
-59516384,fire_torch_3
-60460678,tricky_engine
-60721368,platform_maintenance_structures_parts_3
-61644063,big_tank
-65311713,minx_rim_rear_1
-65859098,lightglow_area_1
-66003120,dirtrunner_helmets
-67321962,train_track_bridge_top_parts
-67752166,steel_plate_s
-69061508,bumb_2
-69211717,plasma_exhaust_1_1
-69789156,cheetah_engine_1
-70913946,lava_rock_dome_set
-71559294,smoketrailer_set
-72155135,uber_ramp_start_piece_set_long
-72784004,dust_kickup_2
-74510224,steam_stack_set
-74604134,lavabomb_xl_3
-75017900,industrial_fence_tops
-75301771,fog_layer_set
-77080964,diagonal_concrete_block_triangular
-77115706,scaffold_dirty_coupler_b
-77320912,connector_big_pieces
-78875119,rain_spatter_line_set
-80970781,base_tool_square_1
-82750223,tutorial_board_training_04
-82789216,garage_cheetah_1
-83746119,dusttrailer_3
-84654981,big_tank_dlc3
-85610928,underwater_vegetation_04
-85800254,robot_waist
-86452976,seedbuildinggirders_04
-88864443,machine_platform
-91014352,holonumbers
-93099428,fuel_explosion_fireball
-94408720,floating_embers_2
-95575317,plasma_wisps_set
-96199674,outfit_1_jacket
-96759076,light_curtain_set
-99681334,tire_light
-100325364,concreteblock_bar_big
-101045445,lavabomb_xl_2
-102792995,windswept_sand_1
-103934449,lightshaft_n_3
-105244703,iceberg_set_a
-106414981,steps_a
-108699662,escalator_set_06
-110184046,demolition_set
-110456267,glass_roof
-111295546,maintenance_tunnel_wall_special
-112355779,americanelm_01
-112777726,light_event_1
-114401823,forcefields_b_2
-115509339,water_pipe_bend_45
-116346596,minx_head_light_1
-116693834,exhaust
-117611696,high_explosive_explosion_set
-120784729,ramp_01
-121505702,steel_building_block_set_05_03
-121936487,steel_building_block_set_01_piece_1
-122029407,interval_trigger_1
-122972973,light_hanging_02_with_lights
-124145837,bubblestream_line_3
-127200122,meteor_breakoff_single_set
-128403807,dev_bumb_4
-129148378,fireflies_medium_1
-130351795,cubes_1
-130666785,lava_circle_set
-131056629,kingcobra_rear_rim_1
-132528793,acid_aggressive_2
-132937200,robot_body
-137803706,lightshaft_n_1
-139354765,underwater_hologram_graphics_pattern_2_x3
-141592954,resort_hut_2
-143103542,saguarocactus_2
-143829618,seedbuildingroundcover_04
-144207318,small_window_piece_repeatable
-147439469,seedbuildingroundcover_covers
-148917680,area_effector_icon
-151348472,fat_grizzly_upg1_steering_1
-152610490,landing_light_01
-153388626,pyroshow_fireshooter_3
-155137674,hole_00
-155756031,missile_broken
-156294713,light_icon
-160240634,road_asphalt_road_straight_1
-160869517,common_joint_a
-162021730,air_con_set_long_extension_piece_1
-166705395,fire_trailground_high_2
-174036648,seedbuildinggirders_02
-176399144,woodenwalkway_full_set
-176500752,cheetah_backswing_1
-179601825,highway_bridge_pillar
-179777703,angle_disk_165
-180871694,tutorial_board
-181575269,fog_hanging_1
-182682253,drivingline_snow_straight_1
-182888075,skyscrapers_05_7
-183443677,wall_light_set_09
-184086852,tutorial_board_snow
-184674312,fat_grizzly_tire_leftside
-185889324,temple_column_shaft
-190686450,fire_trailground_high_1
-191514922,cloud_cumulus_2
-193510506,ruin_pieces_shieldplates
-194238405,wide_grass_ramp_set_finish_line_variation
-194767918,hightech_props_01_middle
-195977942,seedbuilding_worn_doors_frame
-198861281,highway_bridge_straight
-202337290,steel_building_block_set_05_02
-203202555,woodenwalkway_ramps
-204731067,dust_updraft_3
-205058782,area_trigger_square_1
-205668621,toadstool_top
-206865393,beam_cannon
-207347689,windswept_sand_4
-208564792,lamp_pole
-210318952,light_hanging_01
-211853275,drive_paths_curves
-211943815,rocket_flame_small_3
-212401808,prime_plane_01
-212736162,glass_dome_m
-216211351,dune_buggy_wheel
-217423494,mosscampion_03
-219811888,outsiders_guntracer_3
-220128315,meteor_impact_1
-223274415,fish_swarming_set
-224858970,gate_idle
-229381555,area_clear_icon
-233171829,roach_upg5_headlight
-242146164,signal_line_fast_8m
-243062017,mx_engine_covers_1
-244630861,angle_disk_75
-244806197,seedbuildingfloorgates_ramps
-247697462,controller_left_stick_left_up_1
-247808220,corner_piece_set
-248479601,snowfall_1_set
-250872099,forcefields_d_3
-250889479,fire_ring_set
-252695624,seedbuildingshaftcover_02
-252875542,seed_building_ground_zpos
-254748408,birds_flying_sky_large_1
-256347280,controller_brake_1
-256577504,scaffold_coupler_set
-258263844,stamp
-258438914,ruins_set_loop_piece3
-261545564,platform_elements
-264349321,weather_balloon_01
-265288922,drivingline_snow_straight_2
-266835473,metalstairsv3_one_piece_close_up
-267229822,kingcobra_seat_1
-269698506,industrial_fence_plate
-269792127,firetrailer_1
-279605090,steel_building_block_set_04_02
-280270217,patterns
-280772325,clouds_3
-282024359,i_beam_set_conncetor_variations
-282926968,airlock_escape_1
-283376382,table02_fix
-283621359,seed_building_ground_xpos
-283981537,lightshaft_w_3
-285332543,iceberg_set_b_05
-287926098,aquarium_props_bar
-289483220,waterburst_loop_set
-289539536,fireball_projectile
-289764525,shipping_container
-290434552,pyroshow_fireshooter_set
-291239622,coral_rock_set
-291399620,fat_grizzly_tire_leftside
-294423104,hill_1
-295594896,angle_disk_180
-296686877,rain_spatter_area_1
-299221450,angle_disk_300
-299924281,skyscrapers_06
-300677038,long
-302131308,flag_set
-302247447,plank_set_3
-302586014,hightech_props_01_top
-304722107,marsh_medium
-307749431,plantingset_1_set
-309600877,metal_pipe_set_connecting_a
-310022077,crane_lift_pedestal
-311126719,lavabomb_1
-312237455,rider_hit_clay_1
-312281011,steel_building_block_set_02_piece2
-312629989,cubes_2
-313042577,resort_hut_1
-313331433,wind_turbine_set_pedestal_set
-317078903,dust_kickup_set
-317883269,large_tire
-318765575,waterfall_sheet_2
-318906385,dev_bumb_1
-319748312,establishment_sign_set
-322797070,rock_04
-322838543,englishoak_01
-324040423,basic_park_tree_1
-325000076,warehouse_pieces_wall
-326345807,steel_building_block_set_02
-327851476,waterflow_shallow_hit_3
-328156847,logs
-330299272,ruins_set_arch_piece_variation_right
-333008597,platform_set_utopia_ramps_short
-333128528,lava_rock_pillars
-333972708,forest_floor_3
-336174366,scaffold_dirty_end_piece
-337210981,dusttrailer_2
-338030902,dusthit_2
-338752714,medium_juniperbush_set
-339228038,escalator_railings
-339673789,roadmarking_arrow_thick
-340345330,aerial_wind_turbine_all
-341541276,missile_trail_set
-342772590,small_plastic_barrel
-346270905,steel_building_block_set_04_4_piece4
-348813756,fire_sweeping_large_set
-349571398,hightech_props_01_bottom
-353900662,wooden_ramp_half
-354089309,rider_smoketrail
-355674162,glass_roof_03
-355947902,hole_01
-356707650,firespot
-357444065,temple_column_base
-357693289,mangrove_01
-363371170,uber_ramp_set_short
-365772487,uber_ramp_set_extra
-366546844,graphic_signs
-367683860,signal_line_slow_16m
-369274662,roadmaking_arrow_linedashed
-372323027,explosives_blast_2
-372342852,leak_3
-375961090,additional_streetlamps
-376468940,ruins_ramp_set_supports
-376550223,3dletters_size_x2
-377277126,glass_structures_building_block_wall_straight_glass
-377486237,evel_knievel_helmets
-378394247,birds_flying_sky_small_1
-381786302,fire_ring_2
-383399744,glass_balls_broken_full
-384370736,area_effector
-384444003,bot_cannon_1
-385027241,fireball_shooter_set
-388359535,resort_hut_set_solar_panel2
-388822588,lava_shot_set
-389545657,splinepoint_icon
-389915317,transform_handle_heading
-392649174,c4_1
-395474079,damage_event_1
-395492895,dustdevil_set
-395816534,glass_roof_02
-396696622,surface_foaming_area_4
-396714634,van
-399173999,ice_boulders_set
-400607338,cheetah_upg5_exhaust
-401512419,seed_building_ground_xpos
-402048301,transform_handle_yz_move
-403728403,rock_balls
-406781848,firespot_med
-409008498,arcticbirch03
-409197142,object_pointer_1
-409895630,electrical_sparks_continous_1
-410197254,small_tire
-410918631,foot
-412136712,pingvin_walk_01
-413450129,searchlight_2
-413996486,lava_bubbler_2
-415748186,roadmaking_text_slow
-416191009,messy_snow_01
-418101670,garage_floor_and_podium_connectors
-418790707,truck_2
-419338417,rock_05
-423024620,resort_hut_set_railing1
-423451296,floating_ash_2
-424979802,explosives_blast_3
-427275475,seedbuildingroundcover_hatch
-427619162,waterspray_2
-427661429,shaped_rock_rectangle
-428638674,crane_lift_set
-429597469,americanelm_02
-429801659,n_operator_1
-433501567,cheetah_upg5_backswing
-434878949,car_dirty_set
-434968916,tv_mast_set_main_building_block
-436315147,code_group_1
-438900817,high_explosive_explosion_2
-441151957,angle_disk_195
-442541227,laser_ring_2
-444812863,container_m_a_broken_set
-445553918,firetrailer_3
-446034816,spotlight_3
-446233728,ruins_ramp_set_crossings
-449700377,scaffold_dirty_cross_pipe_set
-450591153,steam_stack_2
-453389825,ramp_04
-455156627,ruins_set
-456208537,operator_1
-456733577,roach_upg5_frame
-458767561,xpolice_tops
-458944273,firespot_spawner_2
-459664367,industrial_fence_advanced
-460493981,pile_leaves_steaper
-465736404,roadmaking_arrow_uturn
-467597015,water_pipe_straight
-467710257,dune_buggy
-468743370,seedbuildingchains_grab_hook
-469366709,snow_04
-470324173,bubble_burst_1
-470930894,huge_gears
-472005436,plantingset_2_set
-472637287,aqua_robotics_set_tails
-475120406,uber_ramp_set_extra
-477415661,medium_buildings01_building_block_04
-477509902,asphalt_new_2
-480076033,tutorial_board_training_03
-480903102,desert_rock_pylon_set_a_5
-481556256,tricky_steering
-483340216,wind_turbine_set_turbine_1
-484169953,sand_crack_01
-489344230,cave_rock_set
-491910749,meteor_projectile_smoker
-495648007,fences_straight
-495870036,solar_power_park_worn_pattery_pack_1
-496504000,utopia_building_01
-498044189,treetop_burst_1
-498938347,airplane_b2
-499192412,commercial_sign_set
-501717154,seedbuilding_worn_doors
-502880905,bike_minx_1
-503756949,surface_foaming_area_set
-503981492,horizontal_flag_set
-504868764,checkpoint_finish_01
-510078643,curve
-510707878,skyscrapers_05_2
-512457722,seedbuildingcolumn_01
-512889182,meteor_projectile_base
-519070198,fireworks_2
-520022751,plantingset_2_45curve
-521277692,ramp_b_02
-522498222,industrial_building_primitive_set_industrial_building_1
-523544190,finish_gate_5
-526356656,heavy_machines_support_leg
-526397042,bike_paper_boy_1
-527562641,prime_triangle_01
-529404519,seedbuildingcolumn_01_04
-529812148,roadmaking_text_taxi
-531150482,meteor_breakoff_single_2
-534392800,glass_structures_building_block_wall_straight_horizontal
-537364657,solar_power_park_solar_panel_3
-540543107,seedbuildingventilator_breakdown
-540758850,roadmaking_text_nomber_7
-542539488,dynamite_box_broken
-546189091,seedbuildingdoorss_04_02
-546243956,bone_set
-546972839,waterspray_hit_set
-547359194,meteor_projectile_smoker_base
-547957637,birds_flying_sky_set
-548056589,crates
-548241241,pingvin_idle_01
-548444010,bubblestream_line_set
-548625931,medium_buildings01_walkway_bridges
-548863691,monorail_track_long_ex
-551739773,oil_tank_dlc1
-551917161,cheetah_wheel_front_1
-552025069,ancient_statue
-553598518,fire_bonfire_2
-556750510,dirt_3
-558175675,seedbuildingfloorgates_edges
-558349436,minx_seat_1
-560362044,ruin_pieces_worn
-563462657,circular_saw
-565508298,robot_finger_b
-567385502,wall_light_set_10
-568292255,bush_blackthorn
-568336758,seedbuilding_worn_doors_top
-569346946,street_sign_set_sign01
-569687507,bushfence_trimmed_02
-571659609,glass_sheet_8x8_broken
-571891749,rocket_flame_1
-572370989,drivingline_sand_curves_2
-573189504,alien_plate_wide_bend
-574141430,floor_tiles_1
-574252256,escalator_set_03
-579686531,dev_ramp_03
-581716905,blimp_mainbody
-583667146,steel_building_block_set_03
-583970552,rocket_flame_3
-584376761,fat_grizzly_upg1_chassis_1
-584837229,flower_indianpaintbrush
-584925547,tv_mast_set_secondary_antenna
-585340625,steel_building_block_set_01_piece_3
-586092633,fire_intense_1
-587822635,seed_building_wall_1
-590153000,fire_bonfire_3
-590250544,mx_front_fenders_1
-592655038,sphere_antenna
-594362826,chrome_ball
-598255476,bushfence_45curve
-602727077,pyroshow_firetrails_set
-603688817,player_event_1
-603910990,wind_turbine_set_pedestal
-604261271,machine_piston
-604382727,transform_handle_xz_scale
-604996375,air_con_set_end_piece
-606624538,seed_building_ground_zneg
-607026834,landmark_monument_walkways
-607038386,plasmafire_3
-608571736,skyscrapers_06_trunk
-610871828,seedbuildingfloorgates_06
-611128418,birds_flying_sky_medium_1
-611358711,electrical_sparks_continous_3
-612871859,seedbuildingwireset_holder
-616389443,short_piece_a
-617782015,steel_building_block_set_01b
-617895957,fusion_engine_3
-620006733,barb_wire_fence_set
-623358220,metal_pipe_set_connecting_b
-627567215,lavabomb_3
-629277771,geologist_top
-631802709,dusty_sand_falling_3
-633809213,ivy_cable
-634056738,steam_stack_3
-635119415,concreteblock_curve_small
-635925257,large_metal_container_dirt
-637114203,tractorbeam_targetbeam_2
-642880373,hightech_props_02
-642984096,fireworks_5
-643409021,ruin_pieces_pillars_round
-644838965,resort_hut_set_base
-645377041,cheetah_upg5_fender_front
-645798190,uber_ramp_support_set
-646800297,robot_ball_joint_small
-647205220,wooden_barrel
-649621282,birds_from_tree_set
-650542115,decals_big
-650891339,crane_set
-653306934,fmx_freak_bottom
-654387914,shaped_rock_bed
-654985043,creeping_ivy
-659027615,dustdevil_3
-661203244,metal_pipe_set_extension_e
-661513271,snowstorm_turbulence_3
-665569240,seedbuilding_worn_column_01
-667629378,checkpoint_finish
-667937423,tree_moss
-668906902,riding_smoke_clay_1
-668978734,acaciatree_02
-669329630,medium_piece
-671479749,lightshaft_n_3
-672092025,flare_1
-673615177,glass_dome_xl_support
-674935188,smoke_drifting_3
-676258746,water_icon
-677016417,riding_smoke_rock_1
-678128615,steel_pipe_straight
-678563283,seed_building_wall_broken
-680004159,snowfall_heavy_1
-680136939,skyscraper_2_part_2
-680344593,firespot_spawner_set
-680909623,computer_hardware
-681121188,l_h_bridge_support_beam_attach_r
-681409841,scenery_dustclouds_2
-681825220,desertbush_01
-682801939,ruins_set_stairs
-683334635,transform_handle_xy_scale
-683408166,robot_claw_base
-684078219,steel_building_block_set_05_01_piece1
-684131633,plasma_exhaust_1_2
-685464148,tornado_large_3
-686340641,skyscrapers_06_top
-686413687,bushfence_sphere_02
-686485196,airplane_c2
-687307609,dusty_sand_falling_set
-689173211,waterspray_hit_3
-689217981,firespot_slow
-689550878,crane_set_main_start_piece
-689853071,wooden_shacks_walls
-690118668,drill
-696289275,fmx_trick_trigger_1
-703132741,smoke_drifting_2
-704060875,skyscraper_2_attach_5
-704091231,gas_cylinder_small
-705719548,scotspine_set
-707027433,stamp_icon_1
-712048146,glass_plate_rect_small
-718412341,angle_disk_45
-720170826,custom_collisions
-723090287,bubblestream_3
-724253890,canvas_cover_set
-724967561,sandstorm_out_03
-725107233,skyscrapers_03_01
-726939465,seed_building_wall_set
-727109865,glowfog2
-729021953,smoke_light_drifting_1
-732703399,transform_handle_xyz_move
-732765990,scaffold_coupler_c_double
-732813591,robot_feet
-733850387,rider_hit_asphalt_1
-733980406,airlock_escape_3
-734557920,skyscrapers_04_02
-734969469,wood_shatter_set
-738049579,mud_eruption_1
-743114729,skyscrapers_04_03
-743440975,ruins_set_end_piece2
-744376866,steelramp_start
-745740565,sea_mine_broken
-748546802,searchlight_1
-749621422,glass_dome_s
-755481504,steel_building_block_set_05_03_piece3
-759392159,transform_handle_all_axis_move
-760423578,seedbuildingchains
-761243002,light_construction_01_with_lights
-761823288,jungleundergrowth
-762379685,skyscraper_2_part_4
-763349780,emitter_1
-764004996,building_blocks_piece
-765275876,tornado_1
-765295694,flag_pole
-765958936,medium_buildings01_building_block_01
-766544519,steel_building_block_set_01_piece_4
-767482647,fire_huge_bg_set
-767953194,music_icon
-768081099,snowstorm_groundblast_set
-768152790,drama_1
-772169358,signal_line_fast_1m
-772828845,lighthouse
-775186524,poolside_sofa
-775668190,controller_left_stick_push_down_1
-776569782,outsiders_guntracer_1
-779802351,falling_embers_1
-781055769,uber_ramp_start_piece_set_short
-787353541,metal_pipe_set_extension_c
-791281622,waterdrip_2
-791889790,effect_event_1
-792049578,electricity_pylons_set_pylono01_cableset
-794111888,exhaust_twin
-795052242,light_curtain_2
-795397479,fallentreetrunks_set
-797823146,underwater_vegetation_05
-797869181,seedbuildingfloorgates_parts
-799272804,small_piece_set
-800070893,pivot_2_icon
-800864696,waterfall_1_hit
-800901121,fireflies_set
-807314613,platform_elements_box_small
-807319690,cloud_rolling_alive_set
-808076824,techboy_bottom
-809053289,air_con_set_corner_piece_1
-811494925,erosion_03
-812503778,wide_corner_pieces_set
-813129810,scaffold_dirty_coupler_set
-813310700,rider_hit_gravel_1
-813454406,cats_halfsize
-814026980,ruins_wall_set_broken
-818060425,falling_water_3
-819148912,helmet_rhino
-821394599,transform_handle_xy_move
-821413152,storage_palette_set
-822423124,crane_set_crane_base
-822687430,bigjungleleaves_01
-825281767,controller_x_1
-826287289,dusthit_1
-826476071,smoke_light_rising_2
-827193260,wall_light_set
-828101090,mud_eruption_2
-833962294,ruins_set_end_piece3
-835275237,medium_buildings01_walkway_bridge_01
-835788234,chinese_vase
-838421115,flying_vehicle_ruined
-842279712,lightshaft_w_1
-847786965,lightshaft_w_2
-848573884,ball_socket_icon
-850088012,train_tank
-851029499,decals_square_medium
-853158383,birds_from_tree_medium_1
-853328605,floating_dust_3
-854140433,techboy_head
-860993915,aquarium_sceenstables_set
-861104056,uber_ramp_support_set_center_piece1
-862613125,highway_bridge_bend11
-862886463,fusion_engine_1
-863546351,prime_capsule_01
-865488940,lightshaft_w_3
-865836195,arrows
-868232972,seed_building_roof_1
-868674935,lava_rock_ramps
-870977621,firedrip_single
-871094228,seed_building_ground_zneg
-876656816,solar_power_park_worn_solar_panel_1
-876817250,dustdevil_2
-877396867,industrial_arms_set
-879130767,resort_hut_set_grass2
-879224481,wide_straight_pieces_set
-880710664,board_set
-882925595,crane_set_crane_front_piece
-883170243,ramp_b_07
-888567536,cloud_rolling_alive_2
-890004758,tricky_engine_fender
-893236926,kingcobra_rear_tire_1
-896026493,paper_boy_suspension_front_1
-896644691,hugecliff_set
-896823579,metal_2
-898098624,hightech_props_03_top
-903433107,kingcobra_swing_arm_1
-903740934,plasma_wisps_2
-907377184,small
-909837164,water_plane_round_1
-909890977,fireworks_1
-910430342,roach_upg5_exhaust_pipe
-913101167,forcefields_d_1
-914400116,platform_elements_round_small
-915120782,tricky_frame
-917200825,angle_disk_30
-920855245,bumb_4
-921832536,glass_plate_semi_circle
-922949927,canvas_awning_set
-924903473,snowstorm_2
-925127600,treetop_burst_set
-925666148,crane_set_crane_hook
-926506393,scaffold_dirty_coupler_c_double
-927155403,weather_balloon
-930782457,smoke_light_drifting_set
-930987820,waterblast_massive_3
-936295262,cheetah_tank_1
-936337118,rock_dome
-940346796,flatten_level1
-942088386,exploding_plasma_crate
-944686239,tornado_set
-946656307,ruin_pieces_decorative
-947102114,lightshaft_w_2
-947354663,fireball_set
-948722799,tricky_tire_front
-949105174,cloud_cover_2
-950843082,gravel_02
-950886036,gondola_station_building_set_03
-951244065,dimension_fold
-952132808,steel_building_block_set_05_03_piece2
-953644933,dune_buggy_suspension
-953767907,afferburner_set
-953906614,bomb
-954556914,catapult_logs
-955825232,building_blocks_b_roofparts
-955840010,electrical_arcs_3
-956300912,seedbuildinggirders_set_1
-956710847,1m_box
-958338865,dust_kickup_1
-958412196,pile_sand_flat
-963555869,crater_5
-964249851,fire_trailground_low_3
-964444674,airlock_blast_set
-969359024,tricky_exhaust
-969460994,lightshard_3
-969697742,bike_spawnpoint
-970044969,short_piece_curved
-970107418,ruins_set_end_piece1
-971160895,afterburner_icon
-971235864,hill_4
-976497358,monorail_train_start_piece
-977560170,electric_cable_long_set
-978220724,stormy_cloudcover_set
-980258287,meteor_projectile_base_3
-980648591,waterdrip_set
-981100195,set_value_event_1
-981780655,squirrel_walk_01
-981966075,cloud_cover_3
-983771768,underwater_hologram_graphics_pattern_2_x2
-984958266,fantasy_tree_trunk
-985284716,lavabomb_set
-986364004,skyscrapers_01_05
-986590875,roach_upg5_steering
-986927039,cloud_rolling_3
-987689869,floating_embers_3
-987889694,large_hanging_steel_bridge_set_basic_bridge_building_piece
-989540079,fireworks_4
-993337649,riding_smoke_forest_1
-993615538,road_snowy_road_straight_1
-994779852,drive_paths_deco
-996937810,fire_sweeping_large_3
-998050675,diagonal_concrete_block_box
-998056310,duststorm_1
-999433640,force_barrier_1
-1002940122,dirt_2
-1005078999,glass_sheet_4x4_broken
-1005360113,laser_ring_set
-1009638113,seed_building_wall_broken_zpos
-1010721013,mosscampion_01
-1011070920,paper_boy_pedal_left_1
-1013953731,wood_shatter_3
-1013959625,lasershot_3
-1016068642,ice_wall2
-1018335789,rubber_tire
-1019252048,fog_drifting_2
-1020369751,escalator_set_01
-1024726476,smoke_trail_set
-1028646863,wheel_car_set_l
-1029524118,gas_pipeline_lid
-1029744873,dev_hill_2
-1029913108,rain_spatter_area_3
-1030764252,roach_upg5_front_suspension
-1034736767,golden_key
-1038449510,cave_set
-1040910137,gas_pipeline_curve
-1042678072,aquarium_props_chair
-1044656229,skyscrapers_05_3
-1046482523,angle_disk_285
-1048500240,steel_building_block_set_01_piece_2
-1049297115,waterspray_hit_1
-1050031538,canopie_02
-1050584201,acid_aggressive_set
-1054390531,fmx_freak_top
-1054955733,cylinder_shaped_capsules
-1062973948,ruins_ramp_set_pillar_parts
-1063072141,seedbuildingwireset_line
-1064111697,meteor_drop
-1065195696,lightshaft_w_1
-1065311331,minx_tire_front_1
-1067600274,plasma_ring_3
-1067835019,waterburst_1
-1068824724,angle_disk_135
-1069459860,ditch_1_end
-1073112101,electricity_pylons_set
-1074570179,crane_set_crane_top_piece
-1074898177,tricky_rim_front
-1081043411,aqua_robotics_set_body
-1084291877,steel_building_block_set_04
-1084965169,directional_force
-1085480375,fuel_explosion_fireball2
-1086822464,desert_rock_pylon_set_b_2
-1091625167,roadmaking_text_turnright
-1094056827,roach_upg5_front_fender
-1095966442,stone_rubble_03
-1097229376,sandfall_2
-1098305077,checkpoint_turbine
-1098363864,datepalm_2
-1098970570,waterburst_heavy_loop_set
-1099429210,platform_set_utopia_ramps_long
-1099549984,helmet_clown
-1101300656,road_snowy_road_curve_1
-1101851505,mud_kickup_1
-1106458683,ringaccelerator
-1110324941,missile
-1112231387,aerial_wind_turbine
-1113057150,car_set_01
-1113237339,yacht
-1114405555,meteor_breakoff_single_3
-1114794678,skyscrapers_03_05
-1115993320,gas_pipeline_support
-1116071377,bike_rainbow_tail
-1124198567,seedbuildingwireset_curve
-1124317564,glass_sheet_2x2_broken
-1127268351,flying_vehicle_small
-1129052697,ruins_set_end_piece_small
-1130273931,sand_02
-1134216083,circle_building_blocks
-1134270202,tornado_in
-1134739582,paper_boy_back_swing_arm_1
-1135446194,acid_aggressive_1
-1138779877,gas_pipeline_support_top
-1138909442,connector_small_pieces
-1144694859,variation_event_1
-1145417069,ruins_ramp_set_branching
-1152406710,fire_sweeping_large_1
-1155455547,waterburst_loop_2
-1159184349,desert_rock_formation_set_piece_5
-1159333410,alien_plate_wide_straight
-1163052394,riverbed_1_turn
-1165133853,gas_cylinder_large
-1165848827,bike_tricky_1
-1166605236,mx_front_rim_1
-1169283483,underwater_explosion_2
-1169679635,ruins_set_arch_piece_left
-1170818343,kingcobra_front_tire_1
-1171068064,game_variable_1
-1175183606,saguarocactus_1
-1176158443,lightning_1
-1177887206,pointlight_set_1
-1178726778,seedbuildingventilator
-1183543642,landmark_monument_spiral_design
-1185837641,holosigns
-1186166356,glitch_1
-1188503992,maintenance_tunnel_platform
-1189423884,uber_ramp_start_piece_set_long
-1192555075,robot_thigh
-1193608963,smoke_light_drifting_2
-1195222815,park_bench
-1197676362,airplane_back_propeller
-1198507046,trash_floating_set
-1198509670,underwater_explosion_3
-1202222230,smoketrailer_3
-1203724924,building_blocks_antenna_piece
-1204291907,main_body
-1208537586,desert_rock_pylon_set_a_1
-1208683431,smoke_trail_1
-1211681052,bananatree_02
-1212090543,info_sign_set
-1216359531,unicorn_statue
-1220572351,erosion_04
-1222074282,platform_maintenance_structures_parts_4
-1223447046,platform_set_utopia_connectors
-1223447674,fat_grizzly_upg1_body_1
-1225259771,crater_4
-1226131488,floating_ash_set
-1226672657,glass_roof_06
-1227300160,alphabets
-1227694443,rock_06
-1228559032,steel_building_block_set_05_01_piece2
-1229907889,escalator_set_02_fixed
-1230472972,industrial_building_primitive_set_large_building_block_lid
-1231318886,base
-1231458986,forest_floor_2
-1231591079,roadmaking_text_nomber_9
-1232389132,signal_line_fast_set
-1233754679,meteor_breakoff_flier_2
-1239634724,electricity_pylons_set_pylono01_cables
-1239844650,uber_ramp_set_short
-1241392352,wood_cracking_2
-1244038606,cloud_rolling_alive_3
-1246559317,spherical_joint
-1248549951,seedbuildingmetalraillings_straight
-1249555894,plasma_exhaust_2_3
-1250952542,seed_building_wall_broken_xpos
-1251924278,flower_yarrowred_1
-1252193859,garage_king_cobra_1
-1252394745,platform_maintenance_structures_parts_2
-1255900303,tricky_back_swing_arm
-1257293729,steel_plate_l
-1257449685,bubblestream_2
-1261776085,tutorial_exlamation_mark_icon
-1263510364,long_piece
-1263625495,paper_boy_pedal_right_1
-1263807017,seed_building_init_block
-1263982599,uber_ramp_support_set
-1264319653,spotlight_2
-1264564446,3dletters
-1264733740,long_piece
-1265091040,bubblestream_line_4
-1267494787,asphalt_old_2
-1271614852,parachute
-1272907588,fish_swarming_3
-1275995064,fence_glass_straight
-1277105877,glass_structures_building_block_triangle
-1279417998,sandstorm_in_set
-1282330118,controller_right_stick_left_1
-1282464910,effect_icon
-1283989862,crane_set_main_end_piece
-1284873439,glass_plate_triangle
-1285594794,metal_pipe_connectors
-1286459359,dev_crater_01
-1287594471,trash_floating_2
-1288039203,seed_building_floor_1
-1288515964,falling_ash_2
-1289500037,coconutpalm_02
-1291189729,agavecactus_02
-1291532070,cloudrush
-1291564127,alien_plate_narrow_straight
-1293338875,floating_leaves_set
-1295007543,angle_disk_120
-1295170973,leak_2
-1295179008,planetbomb_trailer
-1296421969,traintrack_crossing
-1303337705,lava_stalagmites
-1307906340,falling_embers_set
-1307944659,roadmaking_text_nomber_6
-1309412475,roach_upg5_swing_arm
-1309431293,force_field_lazer_inverted_hexa
-1309623163,truck_fix_01
-1311601151,hero_light_beam
-1311855436,explosion_smoketrailer_light
-1312634144,small_rocks
-1315310996,smoketrailer_thin_longlife
-1317401626,concussion_stars
-1317413176,catapult_launcher
-1317470127,chimney_set_pipes
-1320914133,americanelm_03
-1322015527,toadstool_stems_long
-1324495190,evel_knievel_tops
-1327362777,loudspeakers_01
-1331363938,seedbuildingchains_hook_03
-1331587821,road_asphalt_road_curve_3
-1334933427,engelmann_spruce_set
-1335387101,tractorbeam_2
-1340912870,solar_power_park_solar_panel_1
-1341583107,pile_leaves_flat
-1344216423,medium_buildings01_building_block_02
-1344742633,steel_building_block_set_03_01
-1346159436,drill_droids
-1347681687,sea_mine
-1347699653,facility_fence_piece
-1348082878,missile_trail_3
-1360634367,switch_filter_1
-1363983724,wood_cracking_1
-1365088368,fuel_explosion_set
-1369252027,radiation_glow_1
-1370158524,rider_hit_sand_1
-1373212511,distance_operator_1
-1374349312,david_broken
-1376620431,dev_riverbed_1
-1378755127,force_field_lazer_hexa
-1380371586,ruins_wall_set_solid
-1383897868,lightshaft_n_set
-1384798692,gas_refinery_01
-1386918763,wind_turbine_set
-1388105231,seedbuildingmetalraillings_corner
-1388933913,fish_swarming_2
-1389751116,road_sand_road_curve_3
-1390367652,street_sign_set_sign01
-1390791166,angle_disk_150
-1393682514,seedbuildingroundcover
-1394248537,3dletters_special_01
-1395643410,seedbuildingroundcover_01
-1397795434,seedbuildingroundcover_parts
-1399020911,seedbuildingchains_hook_01
-1399433642,base
-1401109358,metal_pipe_set_small
-1402667850,waterspray_set
-1403009187,steel_building_block_set_05_01
-1403443281,floor_tiles_2
-1404637461,ground_explosion_burst_3
-1405366562,tv_mast_set_base_station
-1406054602,land_mine_broken_1
-1407128653,datepalm_1
-1408172492,airplane
-1408176340,seed_building_init_block
-1408623564,evel_knievel_bottoms
-1409999731,seedbuildingroundcover_02
-1411368184,steel_building_block_set_05_04
-1412876497,drive_paths_straight_basic
-1413584583,dev_ramp_b_01
-1414360251,cloth_covered_primes
-1417073845,dynamite_box
-1417350232,gas_pipeline_support_bottom
-1421451689,tricky_tire_rear
-1424614787,rocket_flame_set
-1426640675,uber_ramp_support_set_left_leg
-1432072972,lavabomb_xl_1
-1433169372,fire_huge_bg_1
-1434708084,industrial_fence_pillar
-1435756293,dusttrailer_set
-1436022682,garage_floor_and_podium_tileset
-1436858949,4096_floor
-1439613658,shooting_star_3
-1440779473,clouds_1
-1441831064,skyscraper_2_enterance_1
-1442023265,fallenbranches_set
-1443581531,bushfence_trimmed_03
-1444342790,signal_line_slow_set
-1444503296,concrete_plate_rect_small
-1444584699,electricity_pylons_set_pylon
-1445215253,pile_rubble_flat
-1446563028,cheetah_wheel_rear_1
-1446796361,medieval_walls
-1447564497,game_event_1
-1448884793,dimension_fold_2
-1449817441,steps_b
-1451075070,break_event_1
-1451253739,seedbuildingventilator_breakdown_propeller
-1455441992,computer_table
-1458958443,lightning_3
-1459099901,airlock_blast_3
-1460340437,tire_heavy
-1463955413,forcefields_b_3
-1465360440,steel_building_block_set_02_piece1
-1465682083,bubblestream_set
-1466523478,falling_water_set
-1466902503,light_construction_01
-1468700784,forcefields_c_2
-1470299114,plasmafire_set
-1471790832,steel_building_block_set_02_part
-1472407280,object_array_1
-1474391561,parktree_conical_03
-1475905534,dev_hole_02
-1483457748,mx_front_suspension_1
-1487357077,kingcobra_engine_1
-1488142916,lynx_helmet
-1489230201,waypoint_start
-1489782601,color_datasource_1
-1490358805,pyroshow_fireball_1
-1491680690,roadmarking_arrow_thin
-1493973865,parktree_conical_01
-1494667067,street_sign
-1496484128,jungle_kapok_01
-1496733946,main_body_base
-1499107766,areal_platforms_single_parts
-1499112609,geologist_bottom
-1499155952,waterfall_medium
-1499920873,bigjungleleaves_set
-1500677152,c4_set
-1501425595,lasershot_set
-1501567867,flying_bugs_set
-1501912618,aqua_robotics_set_fin
-1503886349,plank_set_wide_dlc1
-1504976909,bike_part_detach_event_1
-1505300922,metal_pipe_extensions
-1505765857,ruins_set_loop_piece1
-1508168500,seedbuildingventilator_breakdown_holders
-1508512334,seed_building_ground_zpos
-1510675438,dust_updraft_set
-1514004793,aqua_robotics_set_arm
-1514117411,set_vector_1
-1516239915,riding_smoke_water_1
-1519112905,fence_glass_support
-1521199434,decals_round_huge
-1521706546,roadmaking_text_nomber_5
-1526913055,bushfence_trimmed_01
-1529576122,riding_smoke_sand_1
-1530221940,rocket_flame_small_set
-1532003296,fuel_explosion_1
-1534313302,lightglow_area_set
-1536068488,cheetah_seat_1
-1536408748,electric_cable_bits_set
-1537285676,tire_smoke_asphalt_1
-1537405039,platform_elements_box_big
-1537617480,transform_handle_z_scale
-1538828296,dev_ramp_b_07
-1540129664,smoke_rising_3
-1543345326,electrical_arcs_set
-1544163220,rock_01
-1544626619,space_debris_1
-1547589444,seed_building_ground_xneg
-1553493234,xrotto_sculpture
-1554886124,signal_line_slow_8m
-1555469229,waypoint_end
-1556172551,crater_2
-1557713295,floating_leaves_1
-1558359080,c4_3
-1561183688,rider_window
-1565137607,fire_vertical_1
-1565958377,techboy_top
-1566157591,fuel_explosion_3
-1567844240,grass_02
-1568241057,big_chains
-1568620340,seed_building_ground_zpos
-1568902672,fire_large_8by8
-1569626869,firedrip_shooter
-1571749464,areal_platforms_parts_core
-1572091164,seed_building_roof_broken_ypos
-1573858405,3dletters_numbers_size_half
-1576003556,tv_mast_set
-1576291016,plasma_ring_2
-1577619722,glass_structures_building_block_wall_bended
-1579504534,lava_projectile
-1582810383,demolition_2
-1583952132,volcanic_rock_set
-1585240987,meteor_projectile_base_set
-1585793846,plasma_wisps_1
-1587913792,waypoint_branch_end
-1588727771,facility_ring
-1589266040,ice_wall
-1589727923,impulse_clamp_1
-1591006440,pipe_lava_flow_set
-1593128384,gate_idle_1
-1593308984,airplane_c1
-1594396789,agavecactus_set
-1598015116,desertbush_set
-1607012815,keyboard
-1611676054,poolside_pot
-1612454533,glass_dome_xxl
-1613067810,missile_trail_1
-1613247897,steel_building_block_set_04_4_piece3
-1614840055,world_rivers_2
-1618122119,code_group_connector_1
-1618988027,trash_bin_set
-1619396995,tire_smoke_grass_1
-1619767330,roach_upg5_new_parts
-1621766405,holographic_ramps_30m
-1623350231,garage_background_1
-1624454977,bike_cloth
-1625337198,skyscraper_2_part_1
-1625745515,connector_arm_big
-1628621493,angle_disk_105
-1628645253,seedbuildingcolumn_01_02
-1630884675,seedbuildingshaftcover
-1630968657,rain_3
-1632479532,cat_bones
-1632677164,parktree_round_01
-1634198994,skyscrapers_03_03
-1636538743,seed_building_ground_zpos
-1638012902,stamp_height
-1643479124,sandstorm_in_03
-1645777038,banner_set
-1647054096,firespot_spawner_3
-1651503852,boss_beam_targeter
-1654652157,aquarium_props_platform
-1655861560,transform_handle_xyz_scale
-1656907485,seed_building_ground_xpos
-1659412952,hi_tech_cables_thick
-1659946612,numbers
-1660643262,surface_foaming_area_3
-1662835953,desert_rock_formation_set_piece_5b
-1664742789,monitors_utopia
-1665367047,iceberg_set_b_01
-1666012237,steam_leaking_set
-1666254438,thruster_1
-1668838501,copy_vector_1
-1672168813,tv_mast_set_main_antenna
-1674607540,hightech_props_03
-1677129666,uber_ramp_support_set_center_piece1
-1678693243,desert_rock_formation_set_piece_6
-1680307431,electric_discharge_1
-1682001143,garage_floor_and_podium_glass
-1683460144,medium_buildings01_building_block_05
-1683521498,roadmaking_arrow_decorationnarrow
-1685043955,glitchblueprint
-1686944331,truck
-1690129887,steel_building_block_set_04_part
-1691009885,rocket_flame_2
-1692070866,cheetah_fender_front_1
-1692292638,controller_left_stick_up_1
-1692818962,engelmann_spruce_02
-1693302293,fantasy_tree_branches
-1694690342,stone_rubble_02
-1697832226,floating_ash_3
-1698341810,yard_divider_end
-1702686687,bikeclamp
-1702835429,pole_ingame
-1713793541,plantingset_2_trimmed_01
-1715793439,steel_building_block_set_04_04
-1716378934,forcefields_set
-1717010411,firespot_fast
-1717104777,wrecked_plane_component
-1719612244,ubi_sign_set
-1719940160,airplane_d2
-1720270008,shipping_container_door
-1722056662,helmet_drink
-1722548015,fire_vertical_3
-1726136324,forcefields_a_1
-1727584763,seedbuildingfloorgates_01
-1727640927,plywood_ramp_set
-1728619689,waterflow_shallow_vert_2
-1729591080,angle_disk_15
-1730868003,grass_05
-1731127831,garage_floor_and_podium_connectors_podiums
-1732160486,fire_rider
-1735374102,venus_broken
-1735919908,kingcobra_engine_fender_1
-1737356104,asphalt_new_1
-1737375562,floating_dust_1
-1741264445,gondola_station_building_set_02
-1742286234,sun_shade
-1742483144,train_set
-1744605841,landmark_monument
-1747939559,scaffold_coupler_b
-1748783681,heavy_machines
-1750575765,pile_rubble_steaper
-1751075611,aquarium_props_platform_set
-1751873609,waterburst_massive_3
-1753279342,clouds_cover_set
-1753767259,controller_right_stick_right_up_1
-1755188853,firedrip_3
-1756953300,light_hanging_02
-1757363520,ruins_set_roots
-1759411511,wheel_bus
-1759541586,robot_head
-1760276959,medium_juniperbush_03
-1760391038,signal_line_slow_1m
-1761900775,yard_divider_big
-1762628227,mud_01
-1764718659,bubble_burst_set
-1766349662,datepalm_3
-1766906578,rider_hit_wood_1
-1767039268,steel_building_block_set_04_01
-1769771482,large_hanging_steel_bridge_set_support_cable_for_the_pillars
-1772436648,catmonitor
-1772997448,concrete_walls_set
-1773544890,lava_bubbler_3
-1774633503,controller_right_stick_left_down_1
-1775514608,challenge_event_1
-1778432553,cloud_rolling_alive_1
-1779085871,skyscraper_2
-1780277924,parktree_conical_02
-1780787395,roach_upg5_rear_fender
-1781045841,forcefields_a_2
-1781330335,jungle_floor_3
-1782287491,dummy_icon
-1782418509,mailbox
-1782872772,controller_right_stick_right_1
-1784317131,arcticbirch02
-1788251650,ruin_pieces_triangles
-1788705903,uber_ramp_support_set
-1791145310,fire_huge_bg_2
-1795619125,steel_building_block_set_02_piece1_m
-1798820825,steel_building_block_set_02
-1800477939,outfit_1_helmet
-1805197766,fog_layer_1
-1805454345,garage_minx_1
-1806546754,bike_stand
-1806972404,mx_exhaust_1
-1809940576,electric_cable_short_set
-1810831922,fence_glass_whole
-1811117482,electrical_arcs_2
-1813713802,cheetah_exhaust_1
-1818416426,plantingset_1_1m
-1821557498,floor_tiles_3
-1821599064,wooden_palette
-1822951480,scotspine_01
-1824518476,vector_operator_1
-1827729752,skyscrapers_03
-1828193536,seedbuildingshaftcover_01
-1829085595,view_settings_event_1
-1830593155,seedbuildingcolumn_02_03
-1830660977,jungle_floor_1
-1833399104,arm_b
-1834040931,steel_building_block_set_03_03
-1837764160,ramp_extension_short
-1838328239,medium_buildings01_walkway_bridge_02
-1840939861,underwater_hologram_graphics_pattern_1_x3
-1843138739,c4_explosive_c4
-1845057641,light_spotlight
-1847026530,seedbuildingventilator02_01
-1850084253,seedbuildinggirders_set
-1851505214,transform_handle_z_move
-1853002715,exhaust_light
-1853505881,escalator_set
-1859824702,hi_tech_cables_short
-1863943947,residential_building
-1865990815,scaffold_coupler_a
-1869174389,air_con_set_long_extension_piece_2
-1871723657,glass_sheet_4x8_broken
-1874902042,firedrip_2
-1875722436,seed_building_ground_xneg
-1876302411,scaffold_cross_pipe_set
-1877006795,smoke_drifting_1
-1878159491,electric_cable_bits_set
-1878286806,lightshaft_n_set
-1881374922,industrial_building_primitive_set_industrial_building_2
-1881829219,uber_ramp_set_med
-1882414008,outsiders_gunfire_single_1
-1882701729,fire_bonfire_set
-1882930388,afferburner_2
-1884875572,roadmaking_arrow_straight
-1886393855,bike_icon
-1886624568,iceberg_set_a_05
-1887188589,concrete_ramp_set
-1887753752,waterburst_2
-1887979497,fire_torch_1
-1888047349,temple_column_abacus
-1888810359,lightshaft_w_set
-1889753038,chimney_set_tops
-1891155299,finish_gate
-1891868457,fat_grizzly_suspension_rear_1
-1893745720,lasershot_1
-1895646485,car_set_02
-1896732550,drive_paths_railings_curved
-1897153919,seedbuildingchains_one_chain_ring
-1899966577,seed_building_floor_broken_yneg
-1901729940,container_m_a_broken
-1903730728,tall_piece
-1906566113,sign_cone
-1906589507,meteor_impact_3
-1910263672,agavecactus_03
-1910353242,impact_3
-1912244837,plantingset_2_90corner
-1912495142,rebar_set
-1916688755,bubbleburst_set
-1917021940,skyscrapers_05_1
-1917731220,glowfog3
-1920925236,firedrip_shooter_continuous
-1922122461,spotlight_1
-1923846854,firedrip_set
-1924199619,ruins_ramp_set
-1924817989,glass_cracks
-1926556168,coconutpalm_set
-1926559689,gas_pipeline_support_middle_set
-1927611713,mine_pipe_parts
-1927940042,dirt_1
-1928664618,achievement_event_1
-1930139510,cheetah_steering_1
-1930419540,rider_hit_water_1
-1931981302,uber_ramp_set_long
-1932295458,area_trigger_plane_1
-1933088697,scotspine_02
-1934259292,large_window_piece_repeatable
-1934473380,uber_ramp_set_short
-1934845166,mainframe_closed
-1935766196,seed_building_ground_ypos
-1939010742,container_medium_a
-1939136476,default_camera
-1942403918,ramp_b_01
-1945674939,group_of_stones
-1946882061,fire_trailground_high_set
-1949331473,seedbuildingmetalraillings_parts_pipes
-1949335522,glass_dome_l_support
-1950424299,seedbuildingfloorgates_05
-1951428972,glass_plate_rect
-1951471827,tricky_rim_rear
-1951543282,high_explosive_explosion_1
-1957027261,wall_light_set_04
-1958547669,round_white_antenna_cover
-1959960754,gondola_station_building_set_01
-1960082365,concreteblock_arch_big
-1970275596,large_rock_d
-1970529129,fences
-1970831639,seedbuildingfloorgates
-1974110581,cranebody_set
-1974486977,concrete_fragments
-1974887802,visible_wind_set
-1977758884,falling_water_1
-1978368359,large_metal_barrel
-1979678831,seed_building_ground_xneg
-1980516700,steel_building_block_set_05_02_piece3
-1980540385,drivingline_sand_straight_2
-1981236506,mx_bench_1
-1983917538,wood_cracking_3
-1983960454,snowstorm_turbulence_1
-1984140687,squirrel_pickaxe_01
-1985259095,concreteblock_block_big
-1986017503,controller_right_stick_up_1
-1987971584,transform_handle_xz_move
-1988722661,tornado_2
-1990013141,clonecapsule_parts
-1990671416,drive_paths_straight_patterns
-1996760936,wall_light_set_11
-1996785372,red_explosive_barrel
-2000679737,outsiders_gunfire_single_set
-2003394379,chair_02
-2005935336,traintrack_straight_short
-2009048132,machine_arm
-2012627060,light_hanging_01_with_lights
-2015328738,plant_pot
-2016982449,lava_rock_small
-2017119500,bubblestream_line_1
-2017163765,flower_set
-2017780362,decals_square_huge
-2018555709,steelramp_connector_in
-2019858530,white_wall_panels
-2021472819,uber_ramp_set_long
-2023693858,blimp_turbine
-2025544130,forcefields_b_1
-2029433245,seed_building_ground_xpos
-2030469264,windstreak_test
-2031530929,portal
-2032484547,hugecliff_set_scaledformation
-2034214539,fog_hanging_set
-2034714673,wheel_truck
-2035695415,platform_support
-2036330931,meteor_breakoff_flier_set
-2038151067,airlock_blast_1
-2038726413,fireball_shooter_2
-2040166161,snowfall_heavy_set
-2041361753,ancient_statue_parts_cylinders
-2041981119,visible_wind_01
-2043216426,datepalm_set
-2047881139,seed_building_wall_1
-2048359437,glass_structures_building_block_curved_wall
-2052255793,street_lamp_with_lights
-2054614629,temple_column_set
-2056223907,robot_wings
-2056531056,waterdrip_1
-2059115405,flamethrower_1
-2059301445,sound_loop_icon
-2060326051,outfit_1_gloves
-2060434556,desert_rock_pylon_set_a_6
-2060741084,explosion_smoketrailer_light_longlife
-2062148023,paper_boy_frame_1
-2063338018,wheel_car_dirty_set
-2063446023,seed_building_wall_1
-2063946781,small_crates
-2064144246,robot_hip
-2066746380,steel_building_block_set_03_02
-2066982833,hill_3
-2068892881,bus
-2068946287,utopia_building_03
-2073497271,waterflow_shallow_vert_3
-2073618425,impulse_splitter_1
-2075968534,bushfence_sphere_set
-2078611681,concreteblock_block_small
-2078630425,tricky_head_light
-2079264336,wind_turbine_set_turbine_2
-2080178605,finish_gate_2
-2082766852,world_ocean
-2083665191,engelmann_spruce_03
-2086100460,gas_cylinder_small_piece
-2087741032,fire_area_8by8
-2087852348,glue_icon
-2088997951,seedbuildinggirders_90
-2089857510,dirtrunner_tops
-2091693101,mx_steering_1
-2092041181,hololetters
-2093211878,manblueprint
-2095263877,cloud_cumulus_1
-2096345609,aquarium_props_tube_set
-2096480114,minx_engine_1
-2096594301,roadmaking_arrow_line
-2098517760,escalator_set_04
-2099662888,roadmaking_text_nomber_8
-2100988328,stormy_cloudcover_seed
-2101808845,office_building_3
-2102091402,fuel_explosion_2
-2103111285,uber_ramp_support_set_variation4
-2103387470,waterburst_heavy_loop_3
-2108587380,wall
-2111678983,object_info_1
-2112383048,thin_ramp_set_wide
-2114842644,tutorial_board_images
-2115151448,hi_tech_spheres
-2118817309,bike_kingcobra_1
-2121198381,surface_foaming_area_2
-2121578432,spring_icon
-2121812910,sandstorm_out_01
-2122926815,rain_set
-2123093493,controller_left_stick_down_1
-2123369122,workplane
-2125161617,metal_pipe_assembled
-2125995139,bowling_ball
-2127260218,bike_mx
-2127558056,monorail_track_support_ex_long
-2130053167,street_lamp_baseworld
-2130089158,ramp_end_bitfade
-2131976410,3dletters_size_half
-2134347803,fog_layer_3
-2137107675,finish_gate_3
-2137669589,canopie_01
-2138251656,direction_sign_set
-2139689720,water_plane_square_1
-2141973744,player_condition_filter_1
-2145451266,steam_leaking_3
2147199065,additional_streetlamps_with_lights
2146899038,electricity_pylons_set_pylono02_fans
2142874883,mine_pipes_set
2142775125,pingvin_animation_set
2141721354,mangrove_02
2141548725,controller_left_stick_right_up_1
2141470629,agavecactus_01
2140381228,forcefields_c_1
2140151892,platform_light_structure
2137846636,ground_explosion_burst_2
2134926091,fireflies_small_1
2130585609,lightglow_area_3
2129660487,skyscrapers_01_04
2129523711,tornado_2
2128074817,aqua_robotics_set
2126916148,snowstorm_1
2121769751,minx_fender_rear_1
2121301039,superhero_helmet
2120818291,wood_shatter_2
2119054020,wind_turbine_set_extension_piece
2119016505,minx_engine_fender_1
2117584415,roadmaking_text_nomber_4
2117055546,fireworks_6
2116207970,coconutpalm_01
2113304285,dev_bumb_2
2112727594,transform_handle_zy_scale
2112128233,concrete_3
2111829818,waterflow_shallow_vert_1
2111756712,steam_stack_1
2111561998,uber_ramp_set_med
2108872033,fog_drifting_1
2108122886,platform_set_utopia_ramps_tiny
2107169910,crane_set
2104444885,small_metal_box
2103002332,flag_pole_poles
2102793333,steel_building_block_set_04_4_piece2
2100122300,controller_right_stick_push_down_1
2099488980,desertbush_03
2099085067,aquarium_props_tube_piece
2089182567,seedbuildinggirders_set_3
2089013299,fmx_tutorial_board
2086942695,mx_hand_shields_1
2085177015,explosives_blast_set
2082215806,seedbuildingmetalraillings_parts_board
2081621749,clouds_2
2081423958,solar_power_park_platform
2078799651,controller_left_stick_left_down_1
2078421569,controller_left_stick_left_down_1
2074073568,plasma_ring_1
2072461394,ramp_03
2072010235,seed_building_floor_broken
2071300667,plasmafire_2
2071019731,seedbuilding_worn_floorgates_hatch
2070811031,transform_handle_bank
2070707634,controller_right_stick_right_down_1
2070116744,desert_rock_formation_set_piece_2
2069578318,volcano_eruption_set
2068340722,tutorial_board_training_02
2066331082,skyscrapers_04_01
2063158487,firetrailer_set
2062390404,train_track_bridge_bottoms_parts
2058844243,controller_left_stick_left_down_1
2057258126,table02
2054788256,van_dirty
2053720374,tire_smoke_gravel_1
2049611056,garage_floor_and_podium_platform
2049531813,industrial_building_primitive_set_small_building_block_lid
2049128231,wrecking_ball_2
2046367129,turbine_engine
2045483822,error
2044223665,area_trigger_sphere_1
2036370071,shipping_container_worn
2034501515,ground_explosion_burst_1
2033570682,chatbox
2032358263,duststorm_set
2031385067,cheetah_upg5_frame
2030668599,deadtree_01
2029631982,fire_area_12by12
2028918658,iceberg_set_b_04
2028452995,minx_tire_rear_1
2027317411,portal_projector
2027234562,medium_buildings01_door
2026972683,concreteblock_pillar_big
2024405141,rock_slate_set
2023889875,drivingline_tire_marks_curves_1
2020401910,wall_light_set_03
2020313003,train_track_bridge_top_ramps
2020230347,metal_pipe_set
2019321888,xpolice_helmets
2018117691,asphalt_old_1
2014065387,building_blocks_b_walls
2011558492,fire_ring_3
2010921451,demolition_1
2010154352,seed_building_ground_xpos
2009597380,camera_event_1
2009533784,controller_brake_1
2008410105,roadmaking_text_busstop
2005906624,gondola_cabin_gondola_cable_line
2003102412,truck_1
2002556322,poolside_sunshade
2001280567,seed_building_floor_1
2000817154,bumb_1
1999746052,building_blocks_glasstube_piece
1997845669,waterburst_heavy_loop_2
1996195759,afferburner_3
1994299049,pile_snow_steaper
1993920652,underwater_hologram_graphics_pattern_1
1993035058,garage_rider
1992052230,seedbuildingventilator01_02
1991912595,fireworks_set
1991437451,scanner
1990966667,ruins_set_loop_piece2
1990238005,ruin_pieces_walls
1989520967,news_papers_1
1987077494,tire_smoke_rock_1
1984503491,two_dimensional_vector_1
1984377966,off_limits
1984021373,tractorbeam_set
1982112925,aqua_robotics_set_tail
1981404139,seed_building_ground_zpos
1972043919,crane_set_crane_cockpit_lift
1971645405,table01
1971594992,mx_tank_1
1967500958,meteor_projectile
1966127374,fusion_engine_set
1962178039,air_con_set_t_piece
1961456552,visibility_event_1
1960268017,tornado_1
1959138558,transform_handle_y_move
1958742983,holographic_ramps_one
1957195181,code_group_connector_2
1953956558,fat_grizzly_tire_rightside
1947742409,minx_back_swing_arm_1
1946984982,air_con_set_corner_piece_2
1943730792,lightning_set
1943214635,stadium_lights
1943116691,waypoint_branch_start
1940127960,uber_ramp_set_long
1939469927,gas_cylinder_pipe_piece
1939110258,cave_floor_set
1939006991,saguarocactus_set
1937184390,controller_x_1
1934830597,ice_breaker
1934330063,afterburner_event_1
1934142819,sandstorm_out_02
1933506777,sandfall_1
1931875475,dust_updraft_2
1929846971,waterspray_3
1926630339,fat_grizzly_headlight_1
1924814979,windswept_sand_set
1922832823,glowfog_set
1922535103,wooden_planks
1921872603,controller_x_1
1920768770,point_to_point_icon
1920525124,geologist_helmet
1912205694,wall_light_set_01
1909014964,light_curtain_3
1908749983,medium_juniperbush_01
1907546511,connector
1907457809,angle_disk_345
1906766411,seedbuildingdoorss_04_01
1904417588,billboard
1899794616,stretchtest
1896876140,sound_icon
1893187877,electrical_sparks_continous_2
1889019069,jungle_kapok
1888212559,mx_engine_1
1886638381,platform_stairs
1885950907,metal_pipe_set_extension_b
1883515552,waterfall_long_1
1882188148,steel_building_block_set_05_05
1879636021,missile_trail_2
1878125434,controller_right_stick_left_down_1
1871279045,floating_dust_set
1869977287,iceberg_set_a_04
1867117981,cats
1866917930,roadmaking_text_turnleft
1866066748,building_blocks_b_glasswalls
1865509721,meteor_projectile_smoker_base_set
1863620786,dev_rock_05
1863522487,toadstool_stems
1863236111,gondola_cable_line_curved
1858618823,satellite_antenna
1855240718,glass_roof_05
1853747763,signal_line_fast_16m
1851668055,squirrel_pickaxe_02
1851628171,fireball_1
1850510042,waypoint_middle
1846841940,maintenance_tunnel_wall
1844647041,fire_trailground_low_1
1844402925,fat_grizzly_exhaust_1
1840981974,pyroshow_fireball_set
1840487686,steel_fence_bend_hard
1839055710,falling_ash_3
1838462061,facility_wall_piece
1836283527,kingcobra_front_suspension_1
1836260218,fire_trailground_low_set
1836064872,ui_elements_round
1834595424,glass_structures_building_block_wall_straight_big
1834401708,military_container
1833809429,i_beam_set_normal_conncetor_plate
1831093934,controller_left_stick_up_1
1825330446,seedbuildinggirders_one
1823202081,minx_fender_front_1
1822865751,3dletters_numbers_02
1821742002,clouds_cumulus_set
1821119286,glass_sheet_set
1819881524,resort_hut_set_top2
1812021204,controller_left_stick_right_down_1
1811325279,plasma_ball
1809871884,steel_pipe_end
1809485584,robot_claw
1808588281,fences_curve
1808050790,uber_ramp_set_extra
1807099862,mud_kickup_3
1805596237,play_sound_event_1
1804242197,seedbuildingfloorgates_whole
1800909551,kingcobra_front_fender_1
1799877118,hexapatterns
1799138529,controller_rb_1
1796714929,minx_exhaust_1
1795914199,roadmaking_text_nomber_0
1795416258,ground_finish_line
1794885614,controller_right_stick_down_1
1791011904,controller_right_stick_left_1
1790162145,force_field_pillar
1789406364,re-entry_1
1787378957,tutorial_board_fmx
1786332834,seed_building_roof_broken
1786136959,squirrel_helmet
1783416613,areal_platforms_parts_turbines
1778525525,hi_tech_cables
1773942702,metal_pipe_set_extension_d
1773848319,dirty_pipes_set
1773271629,bike_cheetah_1
1772281429,seedbuildingmetalraillings
1771608033,rock_03
1770238893,glass_balls
1769938409,controller_right_stick_left_up_1
1769746784,squirrel_jump_01
1765908078,glass_dome_support_structure
1764195718,pyroshow_fireball_2
1762565990,street_lamp
1761927652,controller_left_stick_push_down_1
1757832241,very_long
1754891594,seedbuildingdoorss_03
1753562735,rain_spatter_area_2
1753308171,weather_balloon_02
1752280924,pile_moss_steaper
1751812267,small_metal_container
1750038588,snowstorm_groundblast_2
1748546206,i_beam_set_normal_i_beam
1747199967,seed_building_wall_broken_zneg
1745340585,impact_set
1745144685,resort_hut_set_grass1
1744412742,drivingline_snow_curves_2
1740924706,datacolumn_3
1736493321,base_joint
1735883024,corner_piece_set
1734857776,stormy_cloudcover_1
1734219944,mud_eruption_set
1734102823,ramp_medium
1732160776,tractor_tire
1731823086,vector_object_info_1
1731222765,glass_balls_broken
1731155790,squirrel_idle_01
1730928840,flying_bugs_2
1729999578,buildiung_block_set_wall
1728574410,physics_activation
1725962949,skyscrapers_03_04
1724417716,ramp_b_03
1721082917,road_asphalt_road_curve_2
1720682581,hightech_props_04
1720076681,fire_intense_2
1719360018,lavabomb_2
1719043395,solar_power_park_protective_glass
1716931241,venus_full
1714919977,falling_ash_1
1714072603,seed_building_ground_xneg
1712951832,cheetah_rim_rear_1
1711176647,light_curtain_1
1710967296,seed_icon
1710021180,narrow_piece
1702820657,rider_hit_concrete_1
1700828611,scaffold_pipe_set
1700679043,planetbomb
1700163254,snow_05
1699267226,clonecapsule_set
1691952566,fog_layer_2
1687911319,robot_engine
1687009903,waterblast_massive_2
1686634041,spotlight_set
1686169427,trash_piles_cans
1683761233,outsiders_guntracer_2
1683211926,metal_barrel_dirt_set
1682998899,c4_explosive_broken_1
1682959070,dev_hole_00
1682904899,hazmasuit_top
1681364555,plasmafire_4
1680761180,dev_rock_06
1675997779,road_asphalt_road_straight_2
1673015717,maintenance_tunnel_ceiling
1670874732,horizontal_ag_engine_l
1670712284,state_event_1
1668562210,tire_smoke_mud_1
1667970063,smoketrailer_2
1667316573,electric_discharge_3
1665385988,angle_disk_210
1659100951,desert_rock_pylon_a
1658822475,light_led_light_strip
1657766634,waterburst_heavy_loop_1
1654428107,waterburst_massive_2
1651683394,container_capsule
1648124032,metal_pipe_set_big
1646812088,stormy_cloudcover_3
1646350417,mosscampion_02
1642953169,mx_back_frame_1
1641232011,forcefields_d_2
1640127531,electrical_sparks_3
1638606760,steelramp_bend_in
1636562256,firespot_spawner_1
1636534121,fat_grizzly_body_1
1636109625,desert_rock_pylon_set_b_4
1633457621,road_snowy_road_straight_2
1633218929,platform_maintenance_structures_set
1629851393,trash_floating_1
1628620016,shipping_container_l
1626043468,concrete_2
1625518970,scaffold_dirty_coupler_c
1618027308,transform_handle_pitch
1615778862,fat_grizzly_tire_front_1
1610562052,controller_left_stick_left_1
1609421242,highway_bridge_bend45
1609295024,transform_handle_y_scale
1607316726,chair_01
1606042774,boat_01
1604950561,trash_piles_planks
1602976454,iceberg_set_a_06
1601562268,squirrel_neutral
1601352953,rain_spatter_line_3
1600264615,plasma_exhaust_2_1
1600207595,c4_explosive_broken_2
1590852339,desert_rock_pylon_set_b_1
1590490127,smoke_drifting_set
1590110349,red_explosive_barrel_broken
1588075001,pyroshow_fireball_3
1586086681,marsh_big
1582737090,underwater_vegetation_02
1581241844,underwater_explosion_set
1578419347,blimp_cockpit
1577685849,flag_pole_parts
1577652064,vector_envelope_1
1576919779,platform_elements_round_big
1571837896,highway_bridge_bend90
1570785761,cheetah_upg5_headlight
1569957988,crater_1
1569782527,bubblestream_line_2
1569643453,blimp
1566898734,fireball_2
1565549327,lightglow_area_2
1565254227,world_edge_limits
1564094385,platform_set_utopia_ramp_one
1560022900,plasma_wisps_3
1558429895,acid_aggressive_3
1557065839,fire_intense_3
1556853355,sand_04
1556698941,fusion_engine_2
1555539880,lightshard_set
1551189980,lightglow_area_2
1550847760,waterflow_shallow_vert_set
1550598672,aerial_wind_turbine_a
1549530918,floating_embers_1
1548879895,glass_dome_l
1545204439,plank_set_thin_dlc1
1544247317,stone_rubble_04
1544059742,tutorial_board_fmx_training
1543964207,medium_buildings_01
1543706533,decals_triangle_medium
1537725999,plasmafire_1
1536633557,color_blender_1
1535943271,l_h_bridge_support_beam_attach_l
1535877100,seed_building_ground_zpos
1535334400,gravel_01
1531448118,snowstorm_turbulence_2
1524966354,scaffold_repeating_piece
1524865832,ramp_02
1522407192,monorail_track_support_ex_short
1521302494,drivingline_sand_straight_1
1519905235,3dletters_numbers_01
1517245308,resort_hut_set_roof2
1512737653,steam_leaking_2
1510874176,coconutpalm_03
1510478887,dimension_fold_3
1509674829,bubbleburst_3
1506983260,scaffold_dirty_repeating_piece
1506671076,lava_rock_slate_set
1501598203,monorail_track_support_end
1500292875,utopia_building_04
1499561310,ramp_06
1493791577,flying_bugs_1
1492863491,dynamic_music_event_1
1492377714,meteor_breakoff
1491180245,forest_floor_1
1487221716,seedbuildingroundcover_ring
1486947708,lightglow_area_set
1486252745,robot_finger_c
1486049463,warehouse_pieces_roof
1485995603,yard_divider_repeat
1485995344,dusty_sand_falling_2
1485244981,snowstorm_groundblast_1
1484212641,controller_gas_1
1481294712,developer_event_1
1480595158,planetbomb
1478861268,deadtree_04
1478737627,wood_cracking_set
1477098488,desert_rock_formation_set_piece_1
1475585193,smoke_rising_2
1475252298,lightshaft_n_2
1474378732,ramp_b_05
1474143973,ruins_set_arch_piece_variation_left
1473628571,industrial_fence_basic
1469714017,gondola_cabin_gondola_cable_single
1467708115,forcefields_c_3
1467640519,superhero_torso
1465098564,plasmashot_3
1464778169,road_snowy_road_curve_2
1463875490,seed_building_wall_broken_xneg
1463014119,futuristic_research_center_part_2
1461758720,smoke_rising_1
1456527527,goat_skull_helmet
1456093383,controller_right_stick_left_down_1
1453335295,waterburst_4
1453049028,c4_2
1451893277,skyscrapers_03_02
1450212682,tire_smoke_metal_1
1449144429,wide_grass_ramp_set_long_curve
1445176677,controller_right_stick_push_down_1
1443972887,controller_lb_1
1440598447,bubble_burst_2
1440341002,smoke_light_drifting_3
1439573802,seed_building_roof_1
1438983642,tornado_3
1437606069,monorail_train_extension_piece
1435638549,drivingline_snow_curves_1
1435009057,seedbuildingchains_hook_big_02
1434273319,paper_boy_tire_rear_1
1433902730,acaciatree_set
1432065509,glitch_2
1430074346,snowfall_1
1426210387,steel_building_block_set_01_part
1425038699,holographic_ramps_short
1424713403,skyscraper_2_part_3
1422403471,controller_left_stick_right_down_1
1419586010,transform_handle_x_move
1418331377,ruins_ramp_set_bends
1417377213,biketarp
1417101486,skyscrapers_04_04
1411795732,skyscrapers_01_03
1411269497,cheetah_upg5_fender_rear
1410400336,steel_building_block_set_05_part
1407990726,planetbomb_trailer
1404441337,glitch_set
1404130279,anti_gravity_engine
1399636700,angle_disk_315
1393231089,seedbuildingdoorss_01
1392325326,metal_pipe_set_extension_a
1391236755,lava_plane_set
1390676397,skull_set
1389081759,datacolumn_2
1388291125,metal_3
1385674763,riverbed_1_short
1374970314,dev_ditch_1_end
1374877726,player_event_trigger_1
1371758822,uber_ramp_set_med
1370661369,volcano_tester
1368261341,controller_y_1
1367632952,signpost_set_fixed
1367158214,cube_hologram
1361585330,impulse_event_1
1359479566,angle_disk_90
1359183551,industrial_building_prim_set_pedestal
1357300513,desert_rock_pylon_set_a_3
1357120002,airplane_front_propeller
1354948224,seedbuilding_worn_column_02
1354715241,rotation_hinge_icon
1350886073,van_dirty_tires
1348753565,cranearm
1347249065,short_piece_b
1345120537,bush_redrose
1344728179,utopia_building_02
1344000764,angle_disk_330
1341115768,envelope_1
1340395497,solar_power_park_pattery_pack_1
1340131405,seedbuilding_worn_doors_bottom
1336161366,metal_pipe_set_connecting
1335396980,glue
1330646875,dusty_sand_falling_1
1330329604,snowstorm_set
1325852831,controller_left_stick_up_1
1325482514,transform_handle_x_scale
1324249362,mx_back_fender_1
1323836965,air_con_set_short_extension_piece
1323240700,big_tank_dlc2
1320607918,ladders
1318235124,steel_building_block_set_01_piece_5
1316529543,resort_hut_set_railings
1313747435,hill_2
1313145980,volcano_smoker
1313049436,arm_a
1312865644,roadmaking_arrow_oldwhitepaint_round
1312099938,grass_06
1310727705,platform_set_utopia_ramps_curvy
1309382674,cheetah_frame_1
1308674427,waterblast_massive_set
1308535874,forcefields_a_3
1305467151,tire_smoke_snow_1
1304485017,metal_barrel_set
1304112334,marsh_small
1303205086,manhole
1303201558,controller_left_stick_left_1
1301147997,birds_from_tree_small_1
1299318906,seedbuildingcolumn
1299084916,ui_elements_special
1299052691,gas_cylinder_large_piece
1298891023,concrete_ramp_set_bases
1298419837,area_condition_icon
1296700581,parktree_round_set
1296249062,explosion_smoketrailer_dark
1295261820,steel_plate_m
1293858554,falling_embers_3
1292727600,steel_building_block_set_04_03
1292669201,tricky_seat
1292073357,surface_foaming_area_1
1291012913,sandstorm_in_02
1288694952,iceberg_set_a_01
1279714884,robot_palm
1279529990,meteor_drop_smoketrail
1279044179,seed_building_ground_zneg
1278298863,decals_triangle_huge
1278142983,poolside_bar_parts
1277952058,bus_stop
1277214321,platform_ramp
1273522093,plasma_exhaust_2_2
1273348450,cheetah_upg5_seat
1273329035,alien_plate_narrow_bend
1269158061,rider_hit_mud_1
1268337543,cheetah_engine_fender_1
1264875457,bomb_broken
1258707994,cave_crystal_set
1257840290,resort_hut_set_roof1
1253886042,stadium_lights_with_lights
1252334245,controller_right_stick_right_up_1
1249739727,fire_torch_2
1249378500,large_hanging_steel_bridge_set_pillars
1248971981,chain_set_small
1245033302,paper_boy_steering_1
1244708963,roadmaking_arrow_turnright
1243277587,news_papers_set
1241908586,falling_embers_2
1237996811,roadmaking_text_nomber_1
1237935622,tornado_3
1237743080,narrow_piece
1236452845,water_pipe_bend_90
1235947947,exhaust_twin_light
1232681101,riverbed_1
1232396781,checkpoint_start
1226516198,wall_light_set_05
1225666714,treetop_burst_4
1223043093,solar_power_park_pattery_pack_2
1222949287,seedbuildingcolumn_02_02
1214526853,waterfall_sheet_set
1214509046,snow_01
1207546342,lava_bubbler_set
1204366833,wide_grass_ramp_set_short
1204365819,mangrove_set
1201623031,fire_torch_set
1200930579,road_sand_road_curve_2
1198491454,fmx_freak_helmet
1196533324,englishoak_03
1187477346,angle_disk_255
1186353952,three_input_operator_1
1184684229,squirrel_gold
1184337412,areal_platforms_whole
1181489080,dusthit_set
1181373525,utopia_circles
1180168518,tiny_metal_container
1176423075,thin_ramp_set_narrow
1171957278,underwater_explosion_1
1170257279,volcano_eruption_xl
1169747990,fire_ring_1
1169458099,sunshade_02
1169174423,base_rotator
1167844811,building_blocks_piece_small
1167807560,controller_right_stick_up_1
1167242357,flag_pole_whole
1167220412,roadmaking_arrow_turnleft
1166116954,floor
1165278106,flamethrower_set
1161628373,garage_bikes_mx_1
1160019376,laser_beams_set
1155041407,skyscraper_2_base_1
1153916910,concreteblock_arch_small
1148155891,waterfall_1
1147882731,sandfall_set
1147537051,canopie_03
1146117592,parktree_round_02
1145964362,bananatree_03
1145573273,steam_leaking_1
1144706294,light_led_light_strip_with_light
1140553025,waterdrip_3
1132342898,ruin_pieces_pillars_rectangle
1132157810,airplane_a
1132046503,industrial_building_primitive_set_small_building_block
1131486607,flying_vehicle
1128886504,crane_set_crane_back_piece
1128557879,jungleundergrowth_set
1127772323,controller_left_stick_down_1
1124924413,platform_support_holder_bars
1124344191,temple_column_volute
1124152288,area_clear_1
1121797775,train_supportbar
1121610521,traintrack_straight_long
1120824908,pivot_1_icon
1118942224,base_arm
1118516874,outsiders_guntracer_set
1115456808,seedbuildingfloorgates_hatch
1114747779,concreteblock_bar_small
1113862153,glue_empty
1113370385,clouds_set
1111895369,skyscraper_2_part_6
1109614170,roadmaking_text_nomber_2
1108473285,ui_elements_rectangle
1108327649,scenery_dustclouds_set
1104066007,4096_floor_visual
1097224745,steel_pipe_t_sections
1096581501,hightech_props_03_bottom
1094156791,bubblestream_4
1093182231,concreteblock_bar_med
1091166285,seedbuildingventilator01_01
1091129906,bubbleburst_1
1088716224,globe
1088504025,electric_discharge_set
1088101038,ruins_set_rubble
1085948201,fire_huge_bg_3
1084637331,ion_cannon
1083310156,mainframe
1083062391,lightshaft_n_2
1081939525,lightshaft_n_1
1079062018,seed_building_ground_zneg
1078784749,gate_idle_2
1078707231,roof
1078109183,angle_disk_225
1077694125,condition_filter_1
1076942999,seedbuildinggirders_01
1075149085,resort_hut_set_railing2
1070478096,plasma_exhaust_2_set
1069783376,smoke_light_rising_3
1068880289,skyscraper_2_antenna
1067176738,water_sprays_1
1066056492,pyroshow_firetrails_3
1065052413,rain_monsoon
1064874418,steel_plate_set_c
1064023453,angle_disk_240
1063513072,plasma_explosion_1
1062940314,minx_steering_1
1061192440,controller_left_stick_right_1
1054346270,wide_grass_ramp_set_long
1054116609,air_conditioning
1054003971,drivingline_tire_marks_curves_2
1053541506,skyscrapers_05
1053364130,solar_panel_set_worn
1052598318,bike_quad
1051701971,mx_battery_1
1047503244,gas_pipeline_t_piece
1047282337,fire_large_set
1045794644,lightglow_area_3
1045278194,seedbuildingladders
1044596978,gate_flash
1043396498,bubblestream_1
1043163723,ruins_set_bricks
1042185669,huge_desert_canyon_pylon
1041029217,plasma_explosion_set
1039504166,splinepoint_indicator
1037435098,boss_beam_blast
1036869203,get_vector_1
1035908511,bananatree_set
1034894734,underwater_vegetation_03
1031231521,tutorial_exlamation_mark
1031176875,bikeflip
1030221882,loudspeakers_02
1029596936,lasershot_2
1029565189,americanelm_set
1028968557,metal_plates_set
1028130854,pile_sand_steaper
1028075452,seedbuildingroundcover_03
1028014995,metal_1
1023751176,frontier_helmet
1021084276,steel_building_block_set_05_03_piece1
1021063477,controller_right_stick_push_down_1
1019864885,math_operator_1
1019683103,machine_gears
1019013565,dev_ditch_1
1018631303,tractorbeam_targetbeam_set
1018174958,lava_cave_set
1016463805,marsh_set
1011104328,3dletters_special_02
1010705827,grass_01
1010087395,ramp_start_piece
1004365589,water_engine
1004230383,fire_trailground_low_2
1001486791,mud_eruption_3
1000382753,temple_column_broken_set
999431019,tractorbeam
996334407,diagonal_concrete_block
993947881,skyscrapers_01
993175771,shooting_star_2
991993712,airlock_escape_2
989638365,waterfall_sheet_1
985624696,seedbuildingventilator_breakdown_casing
984758363,rider_spawn
983699269,underwater_vegetation_06
983089226,bumb_3
982186974,iceberg_set_a_07
981811672,warning_sign_set
981018436,kingcobra_exhaust_pipe_1
980611462,smoketrailer_1
979074803,grasspatch_metal
978779001,steel_plate_set_d
978390388,airlock_escape_set
977349199,train_container
975986206,steel_fence_straight
975567862,controller_right_stick_down_1
975203418,electrical_sparks_continous_set
971118300,datacolumn_1
969193187,plantingset_2
964231945,plasma_exhaust_1_set
964007007,waterfall_narrow
960364720,fat_grizzly_suspension_front_1
960190826,bushfence_trimmed_set
958132310,pole
954749925,drill_grind_1
954006413,seedbuildingcolumn_02_01
952337726,controller_y_1
951195150,paper_boy_pedal_arms_1
948641948,scaffold_end_piece
947068974,sand_03
944498107,uber_ramp_support_set_right_leg
942687181,broken_pillars
942295527,tricky_tank
941582721,iceberg_set_b_03
940227505,ancient_statue_parts_small
938394323,fire_vertical_set
935555142,billboards_desroyed
935447472,glass_ball_cracks
934027787,medium_rocks
933782232,uber_ramp_support_set_center_piece1
933361624,glass_structures_building_block_wall_straight_small
932493702,desert_rock_formation
931182828,poolside_bar
926692151,roadmaking_text_exit
925778694,pyroshow_firetrails_2
925708883,concrete_plate_rect_large
925210831,grasspatch_grass
922628216,vector_scalar_operator_1
920168665,aerial_wind_turbine_set
919903820,meteor_impact_set
917925510,glowfog1
917622161,leak_set
916974706,wall_panels
916913439,gas_refinery
912159754,pyroshow_firetrails_1
911899086,sandfall_3
910455665,vortex
910017656,slider_icon
907997221,prime_box_01
907075198,seedbuildingventilator02_03
905943040,desert_rock_pylon_set_b_3
904194280,roadmaking_arrow_decorationwide
904126952,cloud_cumulus_3
904100865,hi_tech_platforms
900228276,kingcobra_front_rim_1
898970332,wide_grass_ramp_set_separate_start
891832268,laser_ring_3
891545008,diagonal_concrete_block_corner
889168709,plasmashot_set
887585531,watersplash_dynamic
886839856,seed_building_ground_zneg
885435067,skyscrapers_05_8
881918270,soundsource_loop
880901900,air_con_set_end_piece_2
880196404,medium_piece_curved
879724011,3dletters_special_size_half
879585279,landmark_monument_boat_marina
879462076,waterburst_loop_1
877306788,windswept_sand_3
877079500,waterburst_massive_set
875861398,steel_building_block_set_05
872913914,metalstairsv3_metal_plank
872398128,road_sand_road_straight_1
871613551,mx_front_wheel_1
870662241,steel_building_block_set_01a
865116720,waterblast_massive_1
863332266,airlock_blast_2
862692014,trash_piles_papers
862237846,datacolumn_set
861219474,riding_smoke_snow_1
856484128,glass_dome_xxl_support
855001445,connector_arm_small
852916207,hazmasuit_helmet
852401489,seedbuildinggirders_03
851056397,large_rock_a
850192602,area_selector
849745803,cloud_rolling_2
849207178,stone_rubble_01
848269740,seedbuilding_worn_floorgates_whole
847093135,medium_buildings01_building_block_03
846302503,cheetah_headlight_1
841939456,grass_04
841025014,penguin_window
840487323,seedbuildingfloorgates_04
840346923,wall_light_set_02
840240598,cable_spool
838869159,uber_ramp_support_set_center_piece2
838458860,rider_hit_forest_1
836404157,nuke_1
836341795,end_event_1
836086198,drivingline_sand_straight_3
834796578,plasmashot_2
833841964,airplane_b1
833461515,portal_bake
831175444,crater_3
831080931,billboards
829573079,wrecked_plane_set
828874992,englishoak_02
828751833,wind_turbine_set_end_part
827081237,shipping_container_l_door_single
825112002,physics_event_1
824743661,seed_building_ground_zneg
823909818,computer_setup
823842498,input_event_1
822513515,ramp_05
818855005,controller_right_stick_right_down_1
818552727,laser_turret
817706426,target_icon
816601547,drive_paths_railings
816007831,seedbuildingdoorss_02
813656858,electrical_sparks_set
810111222,cubes_set
807032713,controller_y_1
803639749,ramp_extension_long
803119050,neon_sign_set
803037966,deadtree_02
800576271,meteor_projectile_smoker_base_3
800043437,gravel_03
797629346,train_base
793263425,platform_support_support
791454753,controller_lb_1
791170477,signal_line_fast_4m
790508145,medium_deciduous_bush_set
789783093,bushfence_sphere_01
788486130,rider_hit_metal_1
783437106,maintenance_tunnel_rail
780413289,sunshade_01
779187840,prime_cylinder_01
778159001,waterfall_sheet_3
777032535,afterburner
777031603,iceberg_set_a_02
777029796,tester
774698017,riverbed_1_end
773665191,glass_dome_xl
773407022,cheetah_fender_rear_1
772189047,afferburner_1
765585021,hightech_props_04_top
765112166,glass_dome_m_support
764012055,controller_right_stick_up_1
762319137,machine_screw
759248337,fire_bonfire_1
759197016,fire_area_set
758861733,resort_hut_set
755851059,lightshard_1
755543122,lava_bubbler_1
755321176,canopie
754289212,bumb_5
753212468,land_mine_broken_2
750498909,rain_1
746550724,fence_glass_curved
743727150,wooden_plates
742489445,flatten_level2
738311803,steel_plate_set_b
738215725,road_sand_road_straight_2
737585918,hole_02
736684316,windswept_sand_2
735999708,light_spotlight_with_lights
734281204,machine_box
733943824,mx_frame_covers_1
733370896,bush_skunkbush
732361260,meteor_projectile_smoker_base_2
732103485,prime_pyramid_01
731530067,controller_left_stick_left_up_1
730734378,xpolice_bottom
730503869,steelramp_straight
728066929,steel_building_block_set_05_part
727035530,lava_shot_2
726799418,drill_grind_set
725849156,tire_smoke_clay_1
723741558,diagonal_entrance
722560250,wall_light_set_08
716591269,snowstorm_groundblast_3
715701987,plasma_ring_set
713494258,rider_hit_rock_1
712913568,functional_bike
712896610,waterflow_shallow_hit_set
712109532,scenery_dustclouds_3
711342675,firedrip_1
711228233,roach_upg5_engine
708097495,datepalm_4
705831298,tent_pole_set
705442593,steel_plate_set_a
704667504,falling_ash_set
703197993,resort_hut_set_wall_modules_big
702754881,concreteblock_pillar_small
701410596,steel_building_block_set_05_04_piece1
698734176,corporate_banner_set
698483799,board_set_2
698370663,garage_quad_1
698229513,rocket_flame_small_1
695872540,volcano_eruption
695111281,drivingline_sand_curves_1
694639351,cranearm_set
694435348,robot_forearm
692674479,buildiung_block_set_ceiling
692509901,paper_boy_tire_front_1
688888204,wall_icon
688767100,tutorial_board_training_01
688136734,prime_cone_01
687778733,searchlight_set
684537078,chinese_vase_broken
684192678,seedbuildingdoorss
683852210,chimney_set_furnaces
682194620,outfit_1_pants
679701154,football
679396814,glass_roof_04
678417499,superhero_cape
677200846,large_natural_gas_containers
676353364,round_cover_set
674726913,plank_set_1
671084340,residential_building_twin
670860879,chain_set_medium
670478308,ruin_pieces_cubes
668488529,lightshard_2
667276258,prime_sphere_01
666200042,electrical_arcs_1
665635955,meteor_breakoff_flier_1
664147373,bushfence_end
663669272,cheetah_upg5_engine_fender
659896259,industrial_building_primitive_set_cylinder
657943202,dev_hill_3
655106191,desert_rock_formation_set_piece_3
650654390,controller_left_stick_left_1
648753257,buildiung_block_set_floor
646297686,area_volumes
645979100,cliff_01
644541636,cliff_03
643868524,steelramp_connector_out
643790338,waterspray_hit_2
642681838,platform_set_utopia
642205434,lava_shot_1
641661967,traintrack_straight_shorthalf
641112232,tire_smoke_wood_1
637553359,lightning_2
636546703,meteor_projectile_base_2
635640927,generic_joint
634476124,seedbuildinggirders_set_2
630865619,asphalt_new_3
629634946,jungle_kapok_03
628536242,snowstorm_turbulence_set
627967623,waterfall_wide
624021408,medium_piece
623941569,glass_dome_s_support
621293020,dirtrunner_bottoms
620736508,dusthit_3
618444304,dev_rock_04
615810969,robot_upper_arm
615752138,waterburst_massive_1
615351895,ditch_1_turn
614581813,tricky_fender_front
612939345,shooting_star_1
611923492,arcticbirch01
610532604,jungle_floor_2
610318448,tire_smoke_water_1
609907221,pile_snow_flat
609706240,drivingline_tire_marks_straight_2
609017190,tire_smoke_forest_1
605179650,industrial_building_primitive_set_large_building_block
602718011,wooden_shacks_floor
602181145,wooden_beams
601068950,impact_1
599101545,floating_leaves_2
599076338,test_group_tile_4
598802484,gondola_cabin_door_right
596373246,visible_windsamll_02
595660828,sandstorm_in_01
595424271,plasma_explosion_2
594215822,seedbuilding_worn_column
593440509,seed_building_ground_xneg
592388029,seed_building_ground_ypos
591995103,area_condition
590243754,holographic_ramps_curvy
590238291,steel_pipe_curved
589271500,road_sand_road_curve_1
589216973,seed_building_ground_xneg
589003111,seed_building_ground_yneg
587095891,engelmann_spruce_01
586995576,resort_hut_set_wall_modules_small
586865769,tv_mast_set_satellite_disks
585233567,saguarocactus_3
584586254,medium_buildings_02
584477767,seedbuilding_worn_floorgates_ramps_a
583886465,wind_turbine_set_turbine_fan_1
581984120,squirrel_backround
581520250,floating_embers_set
580068203,scotspine_03
577952436,riding_smoke_grass_1
575481191,electrical_sparks_1
574157941,meteor_breakoff_single_1
573720664,chimney_set_lids
572267366,desertbush_02
571383668,wide_grass_ramp_set_short_curve
568902145,rock_02
567696678,cloud_rolling_set
567574205,controller_brake_1
566022685,drill_base
564053717,steel_building_block_set_05_01_piece3
563778842,seed_building_ground_xpos
563012823,parktree_round_03
561954089,plantingset_2_end
561147721,robot_ball_joint_large
561035681,pingvin_jump_01
555164255,ruins_wall_set_solid_small
552320673,jungle_kapok_02
552060701,robot_calf
551723128,electric_cable_long_set
550734967,floating_ash_1
548015636,treetop_burst_3
547921224,minx_front_suspension_1
546651306,outfit_1_boots
546580863,bike_fat_grizzly_1
546114803,birds_from_tree_large_1
546071008,controller_left_stick_right_1
544151770,container_large
543956609,controller_rb_1
540168807,object_transform_event_1
538911332,quake_event_1
537992885,building_blocks_radar_set
536655286,duststorm_2
535048060,force_field_lazer_lines
534711396,tractorbeam_targetbeam
534396457,futuristic_research_center
534335220,unicornfart
531904098,ditch_1
529341844,areal_platforms_parts_turbine_propellers
527496291,mx_frame_1
527361418,garage_paper_boy_1
527136899,skyscrapers_05_4
524818590,horizontal_ag_engine_s
518905324,broken_brickwalls
517433560,concrete_plate_circle
517211810,sandstorm_out_set
514056959,rain_0
513985719,holographic_projector
509263579,electrical_sparks_2
505442605,ground_explosion_burst_set
498529492,deadtree_set
493153715,biketarp
493094148,fog_drifting_set
492956949,signpost_set
488159553,fog_drifting_3
487232967,lava_stream_set
486881004,airplane_e2
486155250,mx_headlight_1
483781637,firetrailer_2
483179673,industrialbuilding_set
483062494,wind_turbine_set_bottom_part
482659475,plantingset_1_bed20
478637921,huge_desert_canyon_wall
477694415,seed_building_ground_xneg
477204961,seedbuildingcolumn_01_03
475272538,controller_right_stick_left_1
474704852,laser_ring_1
470915136,angle_disk_60
469532216,fire_area_4by4
468246398,fireworks_7
467896062,high_explosive_explosion_3
467548208,underwater_hologram_graphics_pattern_1_x2
460326562,gravel_04
458453107,ramp_b_04
456969479,garage_tricky
455128951,water_pipe_t_shape
454845241,floating_dust_2
453716656,solar_power_park_worn_pedestal_fixed
452915626,warehouse_pieces_floor01
450091714,riding_smoke_gravel_1
449501442,cheetah_front_suspension_1
448817387,mainframe_utopia
448314530,hazmasuit_bottom
447985494,controller_right_stick_right_1
445691398,skyscrapers_03_06
445360911,world_rivers_3
443972368,seedbuildingchains_grab_hook_claw
440860198,fire_vertical_2
432646766,metal_pipe_set_extension
428227231,grass_03
426329163,controller_right_stick_right_down_1
425542185,ruins_set_arch_piece_righ
424852354,steelramp_bend_out
421061214,lava_shot_3
421008002,resort_hut_set_wall_modules_2
420271168,skyscrapers_01_01
417304760,resort_hut_set_top1
416970440,square_cover_set
416207350,grapplinghook
411489298,bushfence_sphere_03
409292483,steel_fence
408247181,controller_gas_1
402689526,robot_finger_a
401921509,traintrack_bend
401688847,garage_floor_and_podium_podiumset
400225243,monorail_track_support_start
399974495,uber_ramp_support_set_end_piece
399197795,dev_ramp_02
398709617,drivingline_tire_marks_straight_1
398682245,resort_hut_set_wall_modules_1
394700733,drivingline_sand_curves_3
394349940,vector_1
390917627,rain_2
390403559,snowfall_heavy_2
389946592,platform_maintenance_structures_parts_1
389703939,checkpoint_checkpoint
385369279,glass_structures_building_block_wall_straight_long
385093220,road_asphalt_road_curve_1
382788789,bubble_burst_3
381973315,wooden_ramp
379970458,color_event_1
379839997,traintrack_straight_middle
378550530,datasource_1
376831329,horizontal_ag_engine_m
376447303,searchlight_3
376223993,steel_building_block_set_01
375793851,escalator_set_05
373220961,fire_sweeping_large_2
372037118,crane_set_crane_cockpit
370449228,finish_gate_4
368280446,radiation_glow_2
366194498,concrete_plate_triangular
364197754,seedbuildingventilator02_05
362315337,gas_pipeline_set
362234253,seedbuildinggirders
361461958,pile_moss_flat
361016261,plank_set_dlc1_1
360591467,ruins_wall_set_doorways
359781211,rain_spatter_line_1
359574345,tire_smoke_sand_1
357047932,steel_building_block_set_04_4_piece1
355113756,tire_smoke_concrete_1
355083571,gate_idle_set
354164429,seedbuilding_worn_floorgates_ramps_b
353829057,seed_building_ground_yneg
343388993,rain_spatter_line_2
339400917,mud_kickup_set
338697512,ruins_set_floor_piece
337890188,holographic_ramps_long
337051244,plasma_explosion_3
336998308,waterspray_1
336980103,underwater_vegetation_01
335671528,desert_rock_formation_set_piece_4
334316651,controller_left_stick_right_up_1
333945709,seedbuildingcolumn_02
333388656,flying_bugs_3
332724612,fireflies_large_1
331412780,arcticbirch_set
330521034,fireball_shooter_3
327608925,minx_tank_1
327600024,land_mines
327401229,laser_beams_1
327273275,ruins_set_pillar
326825755,waterflow_shallow_hit_2
326799280,controller_left_stick_right_up_1
324383269,riding_smoke_mud_1
322598381,large_hanging_steel_bridge_set
320557432,stormy_cloudcover_2
320376491,bigjungleleaves_02
317558227,plank_set_2
316094975,dustdevil_1
315340123,fence_glass_set
311736047,parktree_conical_set
311715378,roadmarking_arrow_long
311245016,medium_buildings01_foundation
307650035,kingcobra_steering_1
307515608,englishoak_set
307340866,signal_line_slow_4m
307276814,mx_back_wheel_1
304343148,bumb_7
301296639,lavabomb_xl_set
298454632,smoke_trail_3
297259553,decals_huge
296221497,solar_power_park_worn_platform
295338593,scenery_dustclouds_1
291373019,toadstool_top_flat
290969073,banner
288356770,flower_yellowmonkeybush_1
286582477,controller_gas_1
285365229,meteor_impact_2
283018071,solar_power_park_pedestal_fixed
282187782,controller_right_stick_left_up_1
279261947,fire_trailground_high_3
277613352,kingcobra_rear_fender_1
276582800,desert_rock_pylon_set_a_4
275603128,hi_tech_cubes_16m
274412903,resort_hut_3
266941220,corporate_sign_set
264430390,fire_intense_set
262117802,turning_hinge_icon
261695122,object_getter_1
260669065,base_hinge
259393482,basic_park_tree_2
257997490,seedbuildingwireset_transmitter
255698644,controller_right_stick_left_up_1
254877648,desert_rock_pylon_set_a_2
254357281,driving_line_event_1
253512561,treetop_burst_2
253309111,airplane_e1
253255792,acaciatree_01
241173040,fat_grizzly_upg1_exhaust_1
241118704,roadmaking_arrow_crosswalk
240762928,angle_disk_270
240571085,skyscrapers_06_base
239910779,bumb_6
237068972,skyscrapers_05_5
236975410,glass_roof_01
234293449,intersection
234078742,rain_spatter_area_set
233057562,machcloud
231791527,falling_water_2
231367805,finish_gate_1
231062197,wooden_shacks_roof
230934568,fire_bike
225824004,dirty_barrel
225301966,roadmaking_text_nomber_3
223931905,floating_leaves_3
222886288,waterfalls_set
222368455,explosives_blast_1
219105950,underwater_hologram_graphics_pattern_2
219097516,middle_piece
217056114,minx_rim_front_1
215055313,resort_hut_set_wall_modules_3
214780623,impact_2
213951262,clonecapsule_techboy
213579867,main_body_repeatable
211712157,asphalt_old_3
211430632,seedbuildingfloorgates_02
209445005,electric_discharge_2
208070849,speed_sign_set
207224424,controller_left_stick_right_down_1
205663423,random_value_1
205185974,tricky_suspension_front
202915837,dev_riverbed_1_end
202777564,crane_set_main_extension_piece
202373892,fog_hanging_2
200978294,basic_park_tree_set
199771971,dev_ramp_04
199395651,highway_bridge_bend22
198565475,deadtree_03
198558465,fireball_3
197574390,waterflow_shallow_hit_1
193343380,outsiders_gunfire_single_2
190784929,squirrel_animation_set
187779030,woodenwalkway_big_pieces
186430931,high_tech_monitors_set
186321039,woodenwalkway_small_pieces
184746508,flag_banner_set
184623370,trash_floating_3
184425876,fog_hanging_3
184141196,medium_juniperbush_02
183901941,controller_left_stick_push_down_1
181960929,fat_grizzly_tire_rightside
181902663,minx_frame_1
179668254,controller_left_stick_down_1
179196570,fire_event_1
176373241,kingcobra_frame_1
172671420,scaffold_coupler_c
172533774,bushfence_90corner
170640508,fish_swarming_1
170226936,hit_trigger_1
167349134,ditch_1_short
167071494,highway_bridge_fence
165265465,fat_grizzly_steering_1
164978466,3dletters_1
163490950,seedbuildingventilator02_04
159869765,mosscampion_set
157180329,concrete_1
156725084,shooting_star_set
156268780,flamethrower_2
155603219,scaffold_dirty_pipe_set
155411722,mud_kickup_2
154717019,fantasy_tree_straight
154562176,basketball
154398051,tornado_set
154235359,huge_desert_canyon_block
151454907,ramp_small
151373504,controller_right_stick_right_up_1
151167834,mx_back_rim_1
149880732,rocket_flame_small_2
149567770,steel_building_block_set_05_04_piece2
149523113,smoke_light_rising_1
149225286,small_piece_set
148266573,solar_power_park_solar_panel_2
143566072,solar_power_park
143207842,meteor_breakoff_flier_3
138966153,confetti_fall
137830626,pennant_set
133082544,wall_light_set_07
128100732,waterburst_set
127518306,angle_disk_360
126468411,big_tank_dlc1
125668684,electric_cable_short_set
125587643,large_metal_container
124922605,glass_sheet_2x4_broken
119419750,lava_cave_elements
119098684,waterburst_loop_3
115601353,bubbleburst_2
114900842,waterburst_3
114317695,no_sign_set
109783981,lightglow_area_1
109643610,huge_screw
107487637,dust_updraft_1
106287549,i_beam_set_large_i_beam
106287118,controller_right_stick_down_1
106166069,gondola_station_building_set
104958196,decals_medium
104704306,gondola_cabin
104253614,bananatree_01
103766127,steel_building_block_set_05_02_piece2
102787610,vending_machine
102752183,pyroshow_fireshooter_1
102135593,airplane_d1
101994230,smoke_light_rising_set
101110832,lightshaft_w_set
100901740,electricity_pylons_set_pylono02_cables
98968381,steel_building_block_set_05_02_piece1
98939624,wall_light_set_06
97338117,roadmaking_arrow_oldwhitepaint
94558736,office_building_2
93513020,controller_lb_1
92568445,fireworks_3
86251510,tricky_fender_rear
83376139,monorail_track_short_ex
80269302,large_rock_b
77620188,concreteblock_triangle_small
77162332,gondola_cabin_track
76648723,demolition_3
76535874,cloud_cover_1
66050666,outsiders_gunfire_single_3
64694133,plasma_exhaust_1_3
63203582,uber_ramp_start_piece_set_long
63158320,controller_rb_1
61338865,metalstairsv3_whole_stair
60567813,escalator_set_02
59894980,gas_refinery_02
57882820,scaffold_dirty_plane_set
57103455,skyscrapers_01_02
56986516,fireball_shooter_1
56951862,concreteblock_sharkfin_big
56258241,scaffold_plane_set
54578463,leak_1
54415177,anti_gravity_engine_piece
53917478,seedbuildingfloorgates_03
52360733,iceberg_set_b_02
47281171,smoke_rising_set
43667004,controller_right_stick_right_1
42144502,platform_support_poles
40734677,seedbuilding_worn_floorgates_edges
39262584,transform_handle_single_axis_move
39199533,crane_pedestal
38189645,seedbuildingcolumn_01_01
35679007,futuristic_research_center_part_1
35530297,sand_01
35379771,wheel_car_set_r
34243302,mx_suspension_cover_1
32669001,desert_rock_pylon_b
28925093,world_rivers_1
25993780,mangrove_03
24096003,ground_explosion_burst_4
20460677,resort_hut_set_wall_modules_4
20133726,common_joint_b
19711350,fire_large_4by4
18561845,filter_1
18361336,smoke_trail_2
17702283,steel_building_block_set_05_04_piece3
15828289,checkpoint_start_01
15371963,david_full
14442336,news_papers_3
14406149,controller_left_stick_left_up_1
11302457,portal_1
11291795,seedbuildingventilator02_02
7673466,controller_left_stick_right_1
4044474,aquarium_sceenstables_sub
2210192,shaped_rock_cube
681825,seedbuildingmetalraillings_parts_pole
22,goalpoint
21,checkpoint
20,startpoint
